site,name,title,status,tables,rows,url
docs-site,docs-site/eos-based-components-software-and-optics-support,Software Support for EOS-Based Components,200,3,98,https://supportdocs.extremenetworks.com/s_comp_matrices/eos-based-components-software-and-optics-support/
docs-site,docs-site/ers-stackable-components-sfp-and-sfp-support,Optics Support for ERS (Stackable) Components,200,0,0,https://supportdocs.extremenetworks.com/s_comp_matrices/ers-stackable-components-sfp-and-sfp-support/
docs-site,docs-site/extreme-management-center-firmware-support,Extreme Management Center Firmware Support,200,0,0,https://supportdocs.extremenetworks.com/s_comp_matrices/extreme-management-center-firmware-support/
docs-site,docs-site/extremecloud-hardware-support,ExtremeCloud Hardware Support Matrices,200,3,133,https://supportdocs.extremenetworks.com/s_comp_matrices/extremecloud-hardware-support/
docs-site,docs-site/extremecloud-iq-site-engine-firmware-support,ExtremeCloud IQ - Site Engine Firmware Support,200,0,0,https://supportdocs.extremenetworks.com/s_comp_matrices/extremecloud-iq-site-engine-firmware-support/
docs-site,docs-site/extremeswitching-200-series-sfp-support,Optics Support for ExtremeSwitching 200 Series Components,200,0,0,https://supportdocs.extremenetworks.com/s_comp_matrices/extremeswitching-200-series-sfp-support/
docs-site,docs-site/extremeswitching-components-sfp-qsfp-support,Optics Support for BlackDiamond Components,200,0,0,https://supportdocs.extremenetworks.com/s_comp_matrices/extremeswitching-components-sfp-qsfp-support/
docs-site,docs-site/extremeswitching-formerly-blackdiamond-components-extremexos-software-support,Software (ExtremeXOS) Support for BlackDiamond Components,200,2,50,https://supportdocs.extremenetworks.com/s_comp_matrices/extremeswitching-formerly-blackdiamond-components-extremexos-software-support/
docs-site,docs-site/extremewireless-hardware-firmware,ExtremeWireless Hardware Firmware Support Matrix,200,1,57,https://supportdocs.extremenetworks.com/s_comp_matrices/extremewireless-hardware-firmware/
docs-site,docs-site/extremewireless-wing-controllers-nova-ui-feature-support-matrix,ExtremeWireless WiNG Controllers NOVA UI Feature Support Matrix,200,1,58,https://supportdocs.extremenetworks.com/s_comp_matrices/extremewireless-wing-controllers-nova-ui-feature-support-matrix/
docs-site,docs-site/optics-support-for-eos-based-components,Optics Support for EOS-Based Components,200,0,0,https://supportdocs.extremenetworks.com/s_comp_matrices/optics-support-for-eos-based-components/
docs-site,docs-site/software-release-recommendation-for-extreme-management-center,Software Release Recommendation for Extreme Management Center,200,0,0,https://supportdocs.extremenetworks.com/s_comp_matrices/software-release-recommendation-for-extreme-management-center/
docs-site,docs-site/software-release-recommendation-for-extremecloud-iq-site-engine,Software Release Recommendations for ExtremeCloud IQ - Site Engine,200,0,0,https://supportdocs.extremenetworks.com/s_comp_matrices/software-release-recommendation-for-extremecloud-iq-site-engine/
docs-site,docs-site/software-release-recommendations-for-efa-slx-os-nos-and-netiron,"Software Release Recommendations for XCO (EFA), SLX-OS, NOS, and NetIron",200,1,21,https://supportdocs.extremenetworks.com/s_comp_matrices/software-release-recommendations-for-efa-slx-os-nos-and-netiron/
docs-site,docs-site/software-release-recommendations-for-ers-stackable-switches,Software Release Recommendations for ERS (Stackable) Switches,200,1,4,https://supportdocs.extremenetworks.com/s_comp_matrices/software-release-recommendations-for-ers-stackable-switches/
docs-site,docs-site/software-release-recommendations-for-voss-vsp-8600,"VOSS, Fabric Engine, and VSP8600 Release Recommendations",200,1,17,https://supportdocs.extremenetworks.com/s_comp_matrices/software-release-recommendations-for-voss-vsp-8600/
docs-site,docs-site/summit-extremeswitching-and-e4g-components-extremexos-software-support,"Software (ExtremeXOS and Switch Engine) Support for ExtremeSwitching, Summit, and E4G Components",200,25,62,https://supportdocs.extremenetworks.com/s_comp_matrices/summit-extremeswitching-and-e4g-components-extremexos-software-support/
docs-site,docs-site/summit-extremeswitching-and-e4g-components-sfp-sfp-qsfp-qsfp28-support,"Optics Support for ExtremeSwitching, Summit, and E4G Components",200,0,0,https://supportdocs.extremenetworks.com/s_comp_matrices/summit-extremeswitching-and-e4g-components-sfp-sfp-qsfp-qsfp28-support/
docs-site,docs-site/sw-release-extremexos-eos,Software Release Recommendations for ExtremeXOS/Switch Engine and EOS,200,2,53,https://supportdocs.extremenetworks.com/s_comp_matrices/sw-release-extremexos-eos/
docs-site,docs-site/vsp-components-sfp-qsfp-qsfp28,Optics Support for VSP and ExtremeAccess Components,200,0,0,https://supportdocs.extremenetworks.com/s_comp_matrices/vsp-components-sfp-qsfp-qsfp28/
docs-site,docs-site/xenpak-xfp-and-cfp2-module,"XENPAK, XFP and CFP2 Module Support",200,10,50,https://supportdocs.extremenetworks.com/s_comp_matrices/xenpak-xfp-and-cfp2-module/
main-site,main-site/compatibility-matrices,Compatibility Matrices,200,0,0,https://www.extremenetworks.com/support/compatibility-matrices
main-site,main-site/end-of-sale-and-end-of-support-products,End of Sale and End of Service Life,200,6,343,https://www.extremenetworks.com/support/end-of-sale-and-end-of-support-products
main-site,main-site/eos-based-components-software-and-optics-support,Software Support for EOS- Based Components,200,3,98,https://www.extremenetworks.com/support/compatibility-matrices/eos-based-components-software-and-optics-support
main-site,main-site/extremecloud-hardware-support,ExtremeCloud Hardware Support Matrices,200,2,57,https://www.extremenetworks.com/support/compatibility-matrices/extremecloud-hardware-support
main-site,main-site/extremeswitching-formerly-blackdiamond-components-extremexos-software-support,Software (ExtremeXOS) Support for BlackDiamond Components,200,2,50,https://www.extremenetworks.com/support/compatibility-matrices/extremeswitching-formerly-blackdiamond-components-extremexos-software-support
main-site,main-site/extremewireless-hardware-firmware,Hardware & Software Compatibility Matrices,200,1,55,https://www.extremenetworks.com/support/compatibility-matrices/extremewireless-hardware-firmware
main-site,main-site/extremewireless-wing-controllers-nova-ui-feature-support-matrix,Extreme Wireless Wing Controllers NOVA UI Feature Support Matrix,200,1,58,https://www.extremenetworks.com/support/compatibility-matrices/extremewireless-wing-controllers-nova-ui-feature-support-matrix
main-site,main-site/mean-time-between-failures,Mean Time Between Failures (MTBF),200,1,2162,https://www.extremenetworks.com/support/mean-time-between-failures
main-site,main-site/policies,Policies,200,1,915,https://www.extremenetworks.com/support/policies
main-site,main-site/restriction-hazardous-substances,Restriction of Hazardous Substances,200,0,0,https://www.extremenetworks.com/support/restriction-hazardous-substances
main-site,main-site/software-release-recommendations-for-efa-slx-os-nos-and-netiron,"Software Release Recommendations for XCO (EFA), SLX-OS, NOS, and NetIron",200,1,16,https://www.extremenetworks.com/support/compatibility-matrices/software-release-recommendations-for-efa-slx-os-nos-and-netiron
main-site,main-site/software-release-recommendations-for-ers-stackable-switches,Software Release Recommendations for ERS (Stackable) Switches,200,1,4,https://www.extremenetworks.com/support/compatibility-matrices/software-release-recommendations-for-ers-stackable-switches
main-site,main-site/software-release-recommendations-for-voss-vsp-8600,"VOSS, Fabric Engine, and VSP8600 Release Recommendations",200,1,17,https://www.extremenetworks.com/support/compatibility-matrices/software-release-recommendations-for-voss-vsp-8600
main-site,main-site/summit-extremeswitching-and-e4g-components-extremexos-software-support,"ExtremeSwitching, Summit, and E4G Components: ExtremeXOS and Switch Engine Software Support",200,1,136,https://www.extremenetworks.com/support/compatibility-matrices/summit-extremeswitching-and-e4g-components-extremexos-software-support
main-site,main-site/sw-release-extremexos-eos,ExtremeXOS and Switch Engine Release Recommendations,200,1,25,https://www.extremenetworks.com/support/compatibility-matrices/sw-release-extremexos-eos
main-site,main-site/xenpak-xfp-and-cfp2-module,"XENPAK, XFP and CFP2 Module Support",200,10,50,https://www.extremenetworks.com/support/compatibility-matrices/xenpak-xfp-and-cfp2-module
