Posting date,Family,Product Name,End of Sale Bulletin,links
6/23/2025,AH,AP510C and AP650,End-of-Sale Notification for AP510C (and AP650),https://extr-p-001.sitecorecontenthub.cloud/api/public/content/501b0f739a6249e1b2ad17e960deffca?v=ebae6c5a
5/30/2025,Smart OmniEdge Wireless,AP510i and AP505i,End of Sale Announcement for AP510i and AP505i,https://extr-p-001.sitecorecontenthub.cloud/api/public/content/bb4acd7b9bff49af86d90255b25a336e?v=3c1fee92
5/30/2025,ExtremeSwitching,VSP8400C,End of Sale Announcement for VSP8400C Modules and Accessories,https://extr-p-001.sitecorecontenthub.cloud/api/public/content/41be0904b6c44cb1b017a4ee1d4cc0fb?v=5e829544
5/30/2025,ExtremeSwitching,X465i,End of Sale Announcement for Extreme Networks X465i Switch and Bundles,https://extr-p-001.sitecorecontenthub.cloud/api/public/content/dde942a7e6354567adcc1f1db9c422a1?v=7c5df842
4/30/2025,ExtremeAccess,XA1400,End-of-Sale Announcement for XA-1400,https://extr-p-001.sitecorecontenthub.cloud/api/public/content/0f0f48a69622456d967dc5cbf6d2eb2f?v=e571b1d6
1/1/2011,ExtremeSwitching,Enterasys B3 and C3 Stackable Products,Enterasys B3 and C3 Stackable Products Bulletin,https://extr-p-001.sitecorecontenthub.cloud/api/public/content/d34b74e30ece47999e03f156e11315ee?v=b34d0d23
9/4/2012,ExtremeRouting,MLX/XMR 32 Slot Chassis and POS modules,"EOS bulletin for MLX 32 chassis, XMR 32 chassis, POS Modules, POS Optics, FRUs",https://extr-p-001.sitecorecontenthub.cloud/api/public/content/c47bfc22753843b1ba8af2763f6dabdb?v=70cd19d0
10/16/2012,ExtremeRouting,MLX and XMR Series,EOS bulletin for MLX and XMR Series,https://extr-p-001.sitecorecontenthub.cloud/api/public/content/dcb51f7945354aa09ca38c5364ed1f12?v=68f48821
10/31/2012,ExtremeSwitching,"EAS, X150, X350, X450a Switches","End of Sale Notification for EAS, X150, X350, X450a Switches",https://extr-p-001.sitecorecontenthub.cloud/api/public/content/1d0db8b020fc4cefbfc3268c1a69d9f0?v=05c5d518
7/1/2013,ExtremeSwitching,Summit X250e and X450e Series Switches,Summit X250e and X450e Series Switches Bulletin,https://extr-p-001.sitecorecontenthub.cloud/api/public/content/end-of-sale-announcement-for-summit-x250e-and-x450e-series-switches.pdf?v=b11122a0
11/18/2013,ExtremeRouting,BrocadeĆ‚Ā MLX/XMR series,EOS bulletin for BrocadeĆ‚Ā MLX/XMR series,https://extr-p-001.sitecorecontenthub.cloud/api/public/content/brocade-mlx-direct-eol-notice-part-ii-ver-2-2-final.pdf?v=16f6176c
11/18/2013,ExtremeRouting,"CES/CER series, FRUs and accessories","EOS bulletin for CES/CER series, FRUs and accessories",https://extr-p-001.sitecorecontenthub.cloud/api/public/content/internal-brocade-ces-cer-direct-eol-notice-ver-1-dot-1-final.pdf?v=05853f14
4/22/2015,ExtremeApplications,General Software Releases update April 2015,Software Releases Bulletin,https://extr-p-001.sitecorecontenthub.cloud/api/public/content/extreme-networks-end-of-life-software-releases.pdf?v=fae4e1fb
4/24/2015,ExtremeSwitching,I-Series Switches,I-Series Switches Bulletin,https://extr-p-001.sitecorecontenthub.cloud/api/public/content/end-of-sale-announcement-for-i-series-switches.pdf?v=e32930b9
7/1/2015,ExtremeMobility,"IdentiFi Wireless C25 appliance, AP3715i/e access points, AP3705i access point and accessories","IdentiFi Wireless C25 appliance, AP3715i/e access points, AP3705i access point and accessories Bulletin",https://extr-p-001.sitecorecontenthub.cloud/api/public/content/end-of-sale-notification-for-identifi-wireless-c25-appliance-ap3715i-slash-e-access-points-ap3705i-access-point-and-accessories.pdf?v=17a32d7a
10/1/2015,ExtremeSwitching,S-Series SSA-G1018-0652 S150 Class Stand-Alone Switch (SSA),S-Series S150 Class Satnd-Alone Switch (SSA) Bulletin,https://extr-p-001.sitecorecontenthub.cloud/api/public/content/end-of-sale-announcement-s-series-s150-class-satnd-alone-switch-ssa.pdf?v=123af568
2/19/2016,ExtremeSwitching,X460-24t Switch Models,X460-24t Switch Models Bulletin,https://extr-p-001.sitecorecontenthub.cloud/api/public/content/8851b4d54d634464be52fc4e03990318?v=3d44b949
3/31/2016,ExtremeSwitching,ReachNXT AC Power Adapter,ReachNXT AC Power Adapter Bulletin,https://extr-p-001.sitecorecontenthub.cloud/api/public/content/40519a1b85454791b6e198236984cc1b?v=2edb8e61
7/11/2016,ExtremeSwitching,X460-24x Switch Models,X460-24x Switch Models Bulletin,https://extr-p-001.sitecorecontenthub.cloud/api/public/content/1c709e5fa8fe43ffaa64d397383e5f6e?v=97c81bf0
10/31/2016,ExtremeSwitching,D2 Switches,D2 Switches Bulletin,https://extr-p-001.sitecorecontenthub.cloud/api/public/content/06b1ba435e2b4a369876145135e5666e?v=523721d6
10/31/2016,ExtremeSwitching,EPS-500 RPS,EPS-500 RPS Bulletin,https://extr-p-001.sitecorecontenthub.cloud/api/public/content/0e8c356d93354e259c0b9f61cb332e17?v=16dc4fa7
10/31/2016,ExtremeSwitching,X440 Switches,X440 Switches Bulletin,https://extr-p-001.sitecorecontenthub.cloud/api/public/content/7b88b0da2b54460ba0b30f6e03acfc16?v=2d50b916
12/15/2016,ExtremeMobility,"AP 8232, AP 8132, AP 6532, AP 8122, AP 6522M, AP 6521, AP 6511, TW-0511","AP 8232, AP 8132, AP 6532, AP 8122, AP 6522M, AP 6521, AP 6511, TW-0511 Bulletin",https://extr-p-001.sitecorecontenthub.cloud/api/public/content/cd727118b0ea4f33b6f469415151868b?v=7c698806
12/31/2016,ExtremeSwitching,B5 Switches,B5 Switches Bulletin,https://extr-p-001.sitecorecontenthub.cloud/api/public/content/7cfaba9fc43e49ec97aa12cb290cf769?v=4a261903
12/31/2016,ExtremeSwitching,C5 Switches,C5 Switches Bulletin,https://extr-p-001.sitecorecontenthub.cloud/api/public/content/ab0b0fddd4574b4384a66593c3734244?v=2d61e7f9
12/31/2016,ExtremeSwitching,X460 Switches,X460 Switches Bulletin,https://extr-p-001.sitecorecontenthub.cloud/api/public/content/f753e9ad9eab49c59bb02647ba74e8fd?v=951474d2
2/21/2017,ExtremeSwitching,Ethernet Wall Switch ES-6510,Ethernet Wall Switch ES-6510 Bulletin,https://extr-p-001.sitecorecontenthub.cloud/api/public/content/e0186622760446aabdf8daf1b26aadf3?v=39d0dcf2
2/21/2017,ExtremeSwitching,X460-48p Switch Model,X460-48p Switch Model Bulletin,https://extr-p-001.sitecorecontenthub.cloud/api/public/content/6b7f5ff6266f4202b3e7f4dd5f55c63b?v=f14edb2e
3/1/2017,ExtremeSwitching,SV-1252 and SV-3652 Appliances,SV-1252 and SV-3652 Appliances Bulletin,https://extr-p-001.sitecorecontenthub.cloud/api/public/content/fc94120c6ada4f36a597931ba17b78c2?v=4f596cd7
4/26/2017,ExtremeSwitching,C5 & B5 TAA Switches,C5 & B5 TAA Switches Bulletin,https://extr-p-001.sitecorecontenthub.cloud/api/public/content/b33dfb7c8cf14a709f90c2ac4851d3ca?v=a9f862b4
5/1/2017,ExtremeSwitching,100Base-FX A4 Switches,100Base-FX A4 Switches Bulletin,https://extr-p-001.sitecorecontenthub.cloud/api/public/content/c494e99b75ba404c87b2f1758ebd3deb?v=cacdfd42
6/16/2017,ExtremeSwitching,Summit X480 X670 X670V TAA Switch Models,TAA Switch Models Bulletin,https://extr-p-001.sitecorecontenthub.cloud/api/public/content/6197191aad2440f69460e8d08c4e676b?v=a953cee1
6/30/2017,ExtremeSwitching,800 Series Switches,800 Series Switches Bulletin,https://extr-p-001.sitecorecontenthub.cloud/api/public/content/904ca25975e943fe95c793a267829cd3?v=59297c74
6/30/2017,ExtremeSwitching,A4 Series Switches,A4 Series Switches Bulletin,https://extr-p-001.sitecorecontenthub.cloud/api/public/content/710c27de432240a795c784b36ad090e4?v=26e9b842
7/1/2017,ExtremeSwitching,Mounting Options For D2 and 800 Series Switches,Mounting Options For D2 and 800 Series Switches Bulletin,https://extr-p-001.sitecorecontenthub.cloud/api/public/content/44f44cafea8e4b58a8b0a3ec3a0090c3?v=42051be3
7/1/2017,ExtremeSwitching,X460 Versatile Interface Modules (VIMs) and Feature Pack,X460 Versatile Interface Modules (VIMs) and Feature Pack Bulletin,https://extr-p-001.sitecorecontenthub.cloud/api/public/content/b7776a258a984f079873f83906728414?v=f0c5b945
8/31/2017,ExtremeRouting,BR-6910-EAS-H-AC and BR-6910-EAS-H-DC chassis,EOS notification BR-6910-EAS-H-AC and BR-6910-EAS-H-DC chassis,https://extr-p-001.sitecorecontenthub.cloud/api/public/content/d4fc96891f054d149ba49293f87b530b?v=dac5351a
11/19/2017,ExtremeApplications,ExtremeWireless WiNG Azara Cloud Subscription SKU,ExtremeWireless WiNG Azara Cloud Subscription SKU Bulletin,https://extr-p-001.sitecorecontenthub.cloud/api/public/content/eafa6e4db9ae45a48e343a0d104a40b9?v=31a3943c
11/21/2017,ExtremeSwitching,Avaya Network Operating System Software and Trial License,Avaya Network Operating System Software and Trial License Bulletin,https://extr-p-001.sitecorecontenthub.cloud/api/public/content/6251fad31a6649db9f1c31120ca90aec?v=a104efe3
11/21/2017,ExtremeSwitching,ERS 5000 Series,ERS 5000 Series Bulletin,https://extr-p-001.sitecorecontenthub.cloud/api/public/content/145bdf74468446d4a3d3ee59e741ad44?v=ad4f6337
11/21/2017,ExtremeSwitching,ERS Models with included power cords,ERS Power Cords Bulletin,https://extr-p-001.sitecorecontenthub.cloud/api/public/content/de16b46260ab4f469d8103758da09a94?v=bae46eef
11/21/2017,ExtremeSwitching,OEM Private Brand models,OEM Private Brand models Bulletin,https://extr-p-001.sitecorecontenthub.cloud/api/public/content/8c91d42c276247f7b5da93f213bc28e1?v=77f1440a
11/29/2017,ExtremeMobility,ExtremeWireless 7522E NX5500E NX7510E VX9K Express,EOS bulletin for ExtremeWireless 7522E NX5500E NX7510E VX9K Express,https://extr-p-001.sitecorecontenthub.cloud/api/public/content/a1160aac638246d598ec6c543f7a2d69?v=d9ec6a22
12/5/2017,ExtremeMobility,Wireless LAN 9100,EOS bulletin for Wireless LAN 9100,https://extr-p-001.sitecorecontenthub.cloud/api/public/content/61e5180001844df7a4fcbd129286dbe8?v=f0d305b3
12/11/2017,ExtremeMobility,"ExtremeWireless WiNG AP 6522, AP 6562, AP 7502 Access Points","ExtremeWireless WiNG AP 6522, AP 6562, AP 7502 Access Points Bulletin",https://extr-p-001.sitecorecontenthub.cloud/api/public/content/14aaf636eb8940cfb90661fe9ab29eb6?v=1d670a0a
1/15/2018,ExtremeMobility,ExtremeWireless -EU and 7622 7602 -WR,EOS bulletin for ExtremeWireless -EU and 7622 7602 -WR,https://extr-p-001.sitecorecontenthub.cloud/api/public/content/572f5edeffbc420d9cb811d6270db825?v=f61ac4bc
2/26/2018,ExtremeSwitching,ERS 3500 Model Switch,EOS bulletin for ERS 3500 Model Switch,https://extr-p-001.sitecorecontenthub.cloud/api/public/content/f720a27bb1be44979d8c90a618ee5167?v=dc7f7344
2/26/2018,ExtremeSwitching,ERS 4800 Model Switch,EOS bulletin for ERS 4800 Model Switch,https://extr-p-001.sitecorecontenthub.cloud/api/public/content/15e2be1efe394baa8084ea64166c782f?v=b7460c7d
2/26/2018,ExtremeSwitching,ERS 5928GTS-PWR+,EOS notification ERS 5928GTS-PWR+,https://extr-p-001.sitecorecontenthub.cloud/api/public/content/41d106f2cfab465a9c3e8d3eb4274b9b?v=bbde6f7d
3/1/2018,ExtremeMobility,ExtremeWireless Rebranding WiNG -WR and APME,EOS bulletin for ExtremeWireless Rebranding WiNG -WR and APME,https://extr-p-001.sitecorecontenthub.cloud/api/public/content/cfefd65f90c2432aa5c0f99896654eeb?v=77748dc5
3/30/2018,ExtremeSwitching,X430 Series Switches,EOS bulletin for X430 Series Switches,https://extr-p-001.sitecorecontenthub.cloud/api/public/content/db6ae79904ce4d87a10465e9a300a6fc?v=9d122ad6
4/3/2018,ExtremeSwitching,10Gb USR SFP+ Optical Transceiver,10Gb USR SFP+ Optical Transceiver Bulletin,https://extr-p-001.sitecorecontenthub.cloud/api/public/content/4264013730e340cbb54515b21249bfdf?v=2e72c3ac
4/27/2018,ExtremeRouting,MLX Router Modules,EOS bulletin for MLX Router Modules,https://extr-p-001.sitecorecontenthub.cloud/api/public/content/29cab8eba0ed4e28b6cb52b34aca77af?v=544ed5cf
4/27/2018,ExtremeRouting,CES 2000 Series Switch,CES 2000 Series EOS Bulletin,https://extr-p-001.sitecorecontenthub.cloud/api/public/content/f40075254950424b825f3745a1372bb3?v=7e34a41c
4/28/2018,ExtremeRouting,MLXe 4x10-x 8x10-x 24x10-dm,MLX Router Modules EOS Bulletin,https://extr-p-001.sitecorecontenthub.cloud/api/public/content/6e9488ff57834c16b393280800cc6fe5?v=951ae95a
5/21/2018,ExtremeSwitching,VSP Models with included power cords,VSP Power Cords Bulletin,https://extr-p-001.sitecorecontenthub.cloud/api/public/content/f2bf87c5fda74e0bb72dcb5a5cee0957?v=68f4ea12
5/25/2018,ExtremeMobility,ExtremeWireless AP3805,EOS bulletin for ExtremeWireless AP3805,https://extr-p-001.sitecorecontenthub.cloud/api/public/content/e836e39fe6474dab9064b2155675a086?v=19a12795
5/25/2018,ExtremeMobility,"ExtremeWireless WS-AP3801i, WS-AP3805i/e","EOS bulletin for WS-AP3801i, WS-AP3805i/e",https://extr-p-001.sitecorecontenthub.cloud/api/public/content/a51dc62a2e1e4db0a39bcc2c8c334a4a?v=0068ae92
6/13/2018,ExtremeSwitching,EOS Announcement Zebra Branded PoEs and Replacements,EOS bulletin for EOS Announcement Zebra Branded PoEs and Replacements,https://extr-p-001.sitecorecontenthub.cloud/api/public/content/027f379f044e4b0db97947ab6b893feb?v=3e407466
6/22/2018,ExtremeMobility,ExtremeWireless AP3825,EOS bulletin for ExtremeWireless AP3825,https://extr-p-001.sitecorecontenthub.cloud/api/public/content/b8b43132497340cabd99959f7b006bbd?v=346fec1c
6/25/2018,ExtremeSwitching,ERS 4800 E-Rate codes,EOS bulletin for ERS 4800 E-Rate codes AL4800E88-E6 and AL4800E89-E6,https://extr-p-001.sitecorecontenthub.cloud/api/public/content/ada895fc45ad418e8e954cde5b05145d?v=4860de7b
7/1/2018,ExtremeMobility,Zebra Branded WiNG -EU RED,EOS bulletin for Zebra Branded WiNG -EU RED,https://extr-p-001.sitecorecontenthub.cloud/api/public/content/1a551013e12b4a06bbfda0d036d07e0c?v=a47b3d83
7/17/2018,ExtremeMobility,ExtremeWireless RFS-4010-00010-ZUS,EOS Bulletin for ExtremeWireless RFS-4010-00010-ZUS,https://extr-p-001.sitecorecontenthub.cloud/api/public/content/726e64baf50f41f0a62ec4ce8256ac0b?v=c55de344
7/22/2018,ExtremeMobility,Wireless LAN 9100 9132/9144,EOS bulletin for Wireless LAN 9100 9132/9144,https://extr-p-001.sitecorecontenthub.cloud/api/public/content/611780467d834ff5939bead1e10b4c89?v=08f9115b
7/25/2018,ExtremeMobility,Wireless Demo Kit,EOS bulletin for Wireless Demo Kit,https://extr-p-001.sitecorecontenthub.cloud/api/public/content/462ab24ecc6d443b9d34b3cf42fedc0d?v=745427a5
7/31/2018,ExtremeMobility,Legacy WiNG Power Supplies and Antennas,EOS bulletin for Legacy WiNG Power Supplies and Antennas,https://extr-p-001.sitecorecontenthub.cloud/api/public/content/5f786c2b1c404055b1ef706960aa1a19?v=dd4bda2f
8/1/2018,ExtremeApplications,Identity Engines,EOS bulletin for Identity Engines,https://extr-p-001.sitecorecontenthub.cloud/api/public/content/c98c13e3182c4073b9083ff96ee67502?v=3927a38f
8/26/2018,ExtremeMobility,Legacy WiNG Power Supplies,EOS bulletin for Legacy WiNG Power Supplies,https://extr-p-001.sitecorecontenthub.cloud/api/public/content/cd61fc9eafb043908793e1ace9ae2670?v=794cf22d
8/28/2018,ExtremeRouting,Network Advisor (BNA) suite of software products,EOS bulletin for Network Advisor (BNA) suite of software products,https://extr-p-001.sitecorecontenthub.cloud/api/public/content/30b2ac21dbbe4c41a71880ddf65f570f?v=e2990caa
9/10/2018,ExtremeSwitching,Black Diamond 8K,Immediate End-of-Sale of BlackDiamond 8000 Series Switches USCAN EMEA LATAM,https://extr-p-001.sitecorecontenthub.cloud/api/public/content/c7db4d8db7d84a8192a09c4bac20c339?v=b262ecb2
9/10/2018,ExtremeSwitching,Black Diamond X8,Immediate End-of-Sale of BlackDiamond X8 Series Switches USCAN EMEA LATAM,https://extr-p-001.sitecorecontenthub.cloud/api/public/content/218d3a02d4c64f12992440d55058e40b?v=a8975658
10/20/2018,ExtremeSwitching,Accessory Cables,EOS Bulletin for Accessory Cables,https://extr-p-001.sitecorecontenthub.cloud/api/public/content/ad8aa87b609844e896ad7e4b2f27c1c9?v=17cb3e0c
10/29/2018,ExtremeMobility,Wireless Accessories WS-x,EOS Bulletin for Wireless Accessories WS-x,https://extr-p-001.sitecorecontenthub.cloud/api/public/content/64f23811317243e5bd1c4f790123f8a2?v=e5ef1936
10/29/2018,ExtremeSwitching,K Series,EOS Bulletin for K Series,https://extr-p-001.sitecorecontenthub.cloud/api/public/content/de69ef8ea0e846838bc14a3643f6aad1?v=a933e598
10/29/2018,ExtremeSwitching,S-Series Modular Switch Family and TAA models of the SSA Switch Family,"EOS Bulletin for S, SSA & TAA Series",https://extr-p-001.sitecorecontenthub.cloud/api/public/content/e5e547bc1ce64ab0ad453b6da0fa42fb?v=b336bfc6
10/31/2018,ExtremeMobility,Wireless Accessories KT-6511,EOS Bulletin for Wireless Accessories KT-6511,https://extr-p-001.sitecorecontenthub.cloud/api/public/content/1ea01b40204842c089755f40c1f0445a?v=91fb4194
11/26/2018,ExtremeSwitching,EOS Date Extension for Fiber Patch Cables 9380xxx-3M,EOS Date Extension for Fiber Patch Cables 9380xxx-3M,https://extr-p-001.sitecorecontenthub.cloud/api/public/content/31b97583149c4075b1cdc47e612f5512?v=b0ba8d9f
12/19/2018,ExtremeSwitching,Addendum to S and SSA Series EOS notification - parts out of stock and immediate EOS,Addendum to S and SSA Series EOS notification - parts out of stock and immediate EOS,https://extr-p-001.sitecorecontenthub.cloud/api/public/content/e2663d5cf8874047b0dec8d17db1567a?v=975f0d98
12/21/2018,,EOS T5 PowerBroadband v2,EOS T5 PowerBroadband v2,https://extr-p-001.sitecorecontenthub.cloud/api/public/content/868e2dbaa0074c84a453b7cfead00b79?v=b25c4fcc
1/12/2019,ExtremeRouting,VDX 67xx Software Licenses,EOS bulletin for VDX 67xx Software Licenses,https://extr-p-001.sitecorecontenthub.cloud/api/public/content/507173674dc546369901e33404a0bae0?v=2d73a3b8
1/14/2019,ExtremeSwitching,"S/K/7100 Optics 10GB-ERx, 10GB-LRx, and MUX-CWDM-01","EOS Bulletin for S/K/7100 Optics 10GB-ERx, 10GB-LRx, and MUX-CWDM-01",https://extr-p-001.sitecorecontenthub.cloud/api/public/content/3444056e8b3a4c95b3175c4cfb9edd0b?v=44ca7251
1/21/2019,ExtremeApplications,PV-50K-SYS and PV-V50K-SYS,EOS bulletin for PV-50K-SYS and PV-V50K-SYS,https://extr-p-001.sitecorecontenthub.cloud/api/public/content/79f698514ada4912955dc465ef225325?v=b1c38010
1/21/2019,ExtremeMobility,"WS-CAB-RJ45EXT, WS-CAB-RPSMATERM","EOS bulletin for WS-CAB-RJ45EXT, WS-CAB-RPSMATERM",https://extr-p-001.sitecorecontenthub.cloud/api/public/content/0091d61d887c417d991d61d56ca9f51e?v=449b4b7e
2/1/2019,ExtremeSwitching,End-of-Service-Life Update for ERS 8300/8600/8800 modules and accessories,End of Service Life update bulletin for ERS 8300-8600-8800,https://extr-p-001.sitecorecontenthub.cloud/api/public/content/ba021de582b04a10a2d6840bdfb5c260?v=eab02a6e
2/15/2019,ExtremeRouting,CES-2048FX and CER-2048FX-RT,EOS bulletin for CES-2048FX and CER-2048FX-RT,https://extr-p-001.sitecorecontenthub.cloud/api/public/content/a3a657e38b4f4076b03e15d52d42211e?v=1bd30449
2/15/2019,ExtremeRouting,CES-2024C and CES-2024F,CES-2024C and CES-2024F EOS Bulletin,https://extr-p-001.sitecorecontenthub.cloud/api/public/content/278f72bb0e254b6f93e756b88fa9122c?v=7a16563f
3/20/2019,ExtremeRouting,"CES-2048CX, CER-2024C-RT, CER-2024F-RT and CER-2048CX-RT","EOS bulletin for CES-2048CX, CER-2024C-RT, CER-2024F-RT and CER-2048CX-RT",https://extr-p-001.sitecorecontenthub.cloud/api/public/content/05414b7d9f7d4e56baf539225999de02?v=f1b54981
3/30/2019,ExtremeSwitching,Brocade-branded Transceivers and Cables,Update to the EOS Notification of Brocade-branded Transceivers and Cables,https://extr-p-001.sitecorecontenthub.cloud/api/public/content/2ae1970d349d474ba227a881a65fc718?v=fad8a78a
4/30/2019,ExtremeSwitching,Mobile AP,Immediate End-of-Sale Notification Mobile AP,https://extr-p-001.sitecorecontenthub.cloud/api/public/content/0dd2708dfe00400a9749d5408e060dec?v=c15ba661
4/30/2019,ExtremeSwitching,EOS Update for S-Series Modular Switches and SSA (TAA) Switches,EOS Update for S-Series Modular Switches and SSA (TAA) Switches,https://extr-p-001.sitecorecontenthub.cloud/api/public/content/68ee354a15ed4bfab3303a6dea36427d?v=8ae9f4a3
4/30/2019,ExtremeSwitching,EOS Update for K-Series Switches,EOS Update for K-Series Switches,https://extr-p-001.sitecorecontenthub.cloud/api/public/content/ae9e4be767da483b9511c099ba3f1ea8?v=2f366550
5/17/2019,ExtremeSwitching,"Software Licenses G3IPV6-LIC, C5L3-LIC, 16496, 16497, 16498 and accessories 10950 and MUX-RACK-01","End-of-Sale Notification for Software Licenses G3IPV6-LIC, C5L3-LIC, 16496, 16497, 16498 and accessories 10950 and MUX-RACK-01",https://extr-p-001.sitecorecontenthub.cloud/api/public/content/6fc670129cdb473b87607441c16448b9?v=b2359031
5/18/2019,ExtremeRouting,MLXe MR Bundles Upgrade and Support Renewal Info v3,EOS Bulletin for MLXe MR Bundles Upgrade and Support Renewal Info v3,https://extr-p-001.sitecorecontenthub.cloud/api/public/content/b5ac11768e344328b496a6034c7dc379?v=f66e3623
5/21/2019,ExtremeSwitching,EOS Update for 7100 Switches,EOS Update for 7100 Switches,https://extr-p-001.sitecorecontenthub.cloud/api/public/content/673154452eca4ba8aff18bd71c587298?v=ddc52204
5/30/2019,ExtremeSwitching,ONA 1101GT,ONA 1101GT Bulletin,https://extr-p-001.sitecorecontenthub.cloud/api/public/content/3611ec0033844b6097880083ccb77481?v=33d92850
5/30/2019,ExtremeSwitching,VSP 4450GSX DC,VSP4450GSX DC Bulletin,https://extr-p-001.sitecorecontenthub.cloud/api/public/content/265543e62c804064bbdffacaeab6435e?v=d91c3b65
5/30/2019,ExtremeSwitching,VSP4850,VSP4850 Bulletin,https://extr-p-001.sitecorecontenthub.cloud/api/public/content/6d0d862bead34fbdbf4684e045173fe9?v=3b3b09d1
6/15/2019,ExtremeSwitching,EOS S-Series SSA platforms and TAA model of Purview Application Sensor,EOS S-Series SSA platforms and TAA model of Purview Application Sensor,https://extr-p-001.sitecorecontenthub.cloud/api/public/content/523b0e5c10dc4bceabba263d2ed20644?v=71552de6
6/26/2019,ExtremeSwitching,EOS T5 PowerBroadband,EOS T5 PowerBroadband,https://extr-p-001.sitecorecontenthub.cloud/api/public/content/523b0e5c10dc4bceabba263d2ed20644?v=71552de6
8/2/2019,ExtremeSwitching,X480 Switches,"End-of-Sale Notification for Summit X480 platforms 16301, 16303, 16304 and associated modules",https://extr-p-001.sitecorecontenthub.cloud/api/public/content/a5226ad0d1e74b53bc867648c1b86dd6?v=f4ffc7ce
8/9/2019,ExtremeMobility,ExtremeWireless AP3865,EOS bulletin for ExtremeWireless AP3865,https://extr-p-001.sitecorecontenthub.cloud/api/public/content/2450402accce42329be7d873ec6f38b5?v=91235743
8/27/2019,ExtremeMobility,ExtremeWireless Outdoor AP Mounting Gear KT-147407-01,EOS bulletin for ExtremeWireless Outdoor AP Mounting Gear KT-147407-01,https://extr-p-001.sitecorecontenthub.cloud/api/public/content/96728d92c8fc40439abcfe13e0711876?v=744a179d
8/30/2019,ExtremeSwitching,Brocade-branded Transceivers and Cables SKUs,Update 2 to the End-of-Sale (EOS) Notification of Brocade-branded Transceivers and Cables SKUs,https://extr-p-001.sitecorecontenthub.cloud/api/public/content/f7c6a59923cd40899369a39ec1290401?v=07699c4e
11/9/2019,ExtremeSwitching,Brocade-branded Transceivers and Cables - Update,Update to the End-of-Sale (EOS) Notification of Brocade-branded Transceivers and Cables SKUs,https://extr-p-001.sitecorecontenthub.cloud/api/public/content/176f0472a6664dd5b6670ccc257fd1cf?v=80e13199
11/15/2019,ExtremeWireless,"identiFiā„¢ Wireless AP3935/3965 Access Points, Controllers, Licenses and Accessories","EOS bulletin for identiFiā„¢ Wireless AP3935/3965 Access Points, Controllers, Licenses and Accessories",https://extr-p-001.sitecorecontenthub.cloud/api/public/content/cf1580f1497347abaf1f17234e6cac43?v=0136efa9
11/15/2019,ExtremeWireless,WiNG AP-7622 and AP-7602,EOS bulletin for WiNG AP-7622 and AP-7602,https://extr-p-001.sitecorecontenthub.cloud/api/public/content/9c5d4c44c59d40d8ae33b652be4842bc?v=3b79c087
12/5/2019,ExtremeSwitching,ERS3510GT and ERS3510GT-PWR+,EOS Notification for ERS 3510GT-PWR+ and Immediate End-of-Sale of ERS 3510GT,https://extr-p-001.sitecorecontenthub.cloud/api/public/content/c599b6a2702c453489fe5d54e72b182e?v=49a28e92
12/10/2019,ExtremeSwitching,7100 Series,7100 Series EOS Bulletin,https://extr-p-001.sitecorecontenthub.cloud/api/public/content/f688c73ebad64c36bb8c6a1524410861?v=95237b83
3/16/2020,ExtremeSwitching,Brocade-branded Transceivers and Cables SKUs Update,Update 4 to the End of Sale (EOS) Notification for Brocade-branded Transceivers and Cable SKUs,https://extr-p-001.sitecorecontenthub.cloud/api/public/content/f21f0fa218154b37906908881aac587c?v=7589699b
4/15/2020,ExtremeWireless,"identiFiā„¢ Wireless AP3915/16/17 and WiNG AP7632/62 Access Points, Licenses and Accessories","End-of-Sale Notification for identiFiā„¢ Wireless AP3915/16/17 and WiNG AP7632/62 Access Points, Licenses and Accessories",https://extr-p-001.sitecorecontenthub.cloud/api/public/content/c80a55141acf4af2a8232d6e87613734?v=93d88f95
4/15/2020,ExtremeWireless,"WiNG AP-7532, AP-7522 and AP-7562","EOS bulletin for WiNG AP-7532, AP-7522 and AP-7562",https://extr-p-001.sitecorecontenthub.cloud/api/public/content/b763bcd9fa9c42e9b2b6b0732c2473c1?v=0ee7e864
4/30/2020,ExtremeSwitching,VSP4850,Updated End-Of-Sale Notification for VSP 4850,https://extr-p-001.sitecorecontenthub.cloud/api/public/content/3e02068f9d8e46c9b07afc125933de2b?v=cc5f66d1
5/5/2020,ExtremeSwitching,Switching Bundles,"End-of-Sale Notification for ERS, VSP, SLX and Optic switching product bundles",https://extr-p-001.sitecorecontenthub.cloud/api/public/content/8795763074c7491589b363a48765ba40?v=4650a90f
6/30/2020,ExtremeWireless,WiNG AP-8163,EOS bulletin for WiNG AP-8163,https://extr-p-001.sitecorecontenthub.cloud/api/public/content/b86d6e08990842f09df2875a81d601bf?v=6083c254
7/1/2020,ExtremeApplications,ExtremeAnalytics App Sensor,"Immediate End-of-Sale Notification for ExtremeAnalytics App Sensor, power supply, and related bundles",https://extr-p-001.sitecorecontenthub.cloud/api/public/content/112562c774a04375ae7d3bb6053cc49a?v=fe0dbfe1
7/1/2020,ExtremeSwitching,AH-SR-2224P,End-of-Sale Notification for AH-SR-2224P,https://extr-p-001.sitecorecontenthub.cloud/api/public/content/0ed4fd2aba79427bbbcbbeae78dfd5f7?v=7b19f13f
7/15/2020,ExtremeSwitching,Brocade-branded Transceivers and Cables SKUs,Update 5 to the EOS Notification of Brocade-branded Transceivers and Cables,https://extr-p-001.sitecorecontenthub.cloud/api/public/content/cde26c2d772b43b2afcf12bf322ca21b?v=a7cea0a8
7/15/2020,ExtremeWireless,"Optics - Modular InterfacesS, K, 7100 Modular Interfaces","End of Sale Notification - Optics - Modular InterfacesS, K, 7100 Modular Interfaces",https://extr-p-001.sitecorecontenthub.cloud/api/public/content/7049bff82dcb4191b37894ced3aadfc5?v=bdb513bf
9/29/2020,ExtremeWireless,Aerohive Networks AH-SR-2224P,Update to End-of-Sale Notification for AH-SR-2224P,https://extr-p-001.sitecorecontenthub.cloud/api/public/content/8a7e63668dad4785934abd11a92e90f4?v=4821e6a6
10/1/2020,ExtremeSwitching,VIM5,"Immediate EOS Notification for VIM5-2Y, VIM5-4Y and bundle VSP4900-48P-B1-2Y",https://extr-p-001.sitecorecontenthub.cloud/api/public/content/ed5d78aa948345d49356bbd05a30a7f5?v=0d6323d9
10/1/2020,ExtremeSwitching,Transceivers and Cables,End-of-Sale Notification for select Extreme Optical Transceivers and Cables,https://extr-p-001.sitecorecontenthub.cloud/api/public/content/d5dc6e0bf04c4956bf883f24cec924ce?v=fa59c2ad
1/12/2021,ExtremeSwitching,SLX 9030,End-of-Sale Notification for SLX 9030,https://extr-p-001.sitecorecontenthub.cloud/api/public/content/9c3e6652aa664ef68d299b17c5874981?v=cc6fabcc
1/15/2021,ExtremeWireless,Wallplate Access points,*Revision* to End-of-Sale Notification for AP-150W AP-7612 and AP-3912,https://extr-p-001.sitecorecontenthub.cloud/api/public/content/f125961194ef432f821f966390baa781?v=90eaf6f4
1/22/2021,ExtremeSwitching,Summit X670 Switches,End-of-Sale Notification for X670,https://extr-p-001.sitecorecontenthub.cloud/api/public/content/382c3e7e7a954356adc27683022a27af?v=6a43fe9b
1/27/2021,ExtremeSwitching,VSP 7254XSQ,EOS Notification for VSP 7254XSQ,https://extr-p-001.sitecorecontenthub.cloud/api/public/content/fccedadade814398b27586a2b49c11a3?v=7cfaeb2c
2/12/2021,ExtremeSwitching,100G-CFP2-SR10 and 40G-SR4- QSFP150M-NT,End-of-Sale Notification for Extreme Optical Transceiver 100G-CFP2-SR10 and 40G-SR4- QSFP150M-NT,https://extr-p-001.sitecorecontenthub.cloud/api/public/content/011c3e902c624b5f8088ed468046462b?v=0208dcc5
2/12/2021,ExtremeSwitching,Transceivers and Cables,End of Sale Notification for 100G-CFP2-SR10 and 40G-SR4-QSFP150M-NT,https://extr-p-001.sitecorecontenthub.cloud/api/public/content/1728081b0a184c33854498b51009f378?v=27a51a19
3/1/2021,ExtremeSwitching,Extreme Campus Controllerā„¢ E2120,End-of-Sale Notification for Extreme Campus Controllerā„¢ E2120,https://extr-p-001.sitecorecontenthub.cloud/api/public/content/898267b5e2d04da88f2a22bda0c6518e?v=66960f18
3/1/2021,ExtremeWireless,AH-SR-2208P and AH-SR-2324P switches,End-of-Sale Notification for Extreme (Aerohive) AH-SR-2208P and AH-SR-2324P,https://extr-p-001.sitecorecontenthub.cloud/api/public/content/0038715404e64a719295cb5305f8d50f?v=d3c5b5cd
3/18/2021,ExtremeApplications,"HiveManager Classic, HiveManager NG","End-of-Sale Notification for HiveManager Classic, HiveManager NG",https://extr-p-001.sitecorecontenthub.cloud/api/public/content/73934171cfd842ebafd2f44699cd786a?v=5c387708
3/24/2021,ExtremeSwitching,AH-SR-2224P,Updated End-of-Sale Notification for Extreme (Aerohive) AH-SR-2224P,https://extr-p-001.sitecorecontenthub.cloud/api/public/content/7b0f1c7621b440828b2c017a51bd4ef4?v=21f675e3
3/25/2021,ExtremeSwitching,AH-SR-2208P Switches,Update to End-of-Sale Notification for Extreme (Aerohive) AH-SR-2208P Switches,https://extr-p-001.sitecorecontenthub.cloud/api/public/content/74c5e0930edf4616a8e4cf074477fe07?v=ecff48b2
4/1/2021,ExtremeSwitching,"X620-8t-2x, X620-16t and X620-16p","End-of-Sale Notification for Extreme X620-8t-2x, X620-16t and X620-16p Ethernet Switches",https://extr-p-001.sitecorecontenthub.cloud/api/public/content/bebad636359242398533e75ffc13e168?v=d114f9b9
4/6/2021,ExtremeRouting,AH-XR600P Routers,End of Sales Notification for AH-XR600P,https://extr-p-001.sitecorecontenthub.cloud/api/public/content/f277137b60f24a14abce3e9ba4b26332?v=44dffebf
4/21/2021,ExtremeWireless,WiNG NX-9600 and NX-9610,EOS Bulletin for WiNG NX-9600 and NX-9610,https://extr-p-001.sitecorecontenthub.cloud/api/public/content/f00da63027b14e949d0055ef5031603d?v=cfb6b71f
4/29/2021,ExtremeSwitching,Black Diamond right angle power cords,End-of-Sale Notification for select Black Diamond right angle power cords,https://extr-p-001.sitecorecontenthub.cloud/api/public/content/ae6a45bc673a46e38d4368a545b5e7a9?v=6305751e
5/13/2021,ExtremeSwitching,VSP 8200,End-of-Sale Notification for VSP 8200,https://extr-p-001.sitecorecontenthub.cloud/api/public/content/8de5402c37f0462c98b579152bea3f34?v=279acdfb
5/13/2021,ExtremeSwitching,Summit X770,End-of-Sale Notification for X770,https://extr-p-001.sitecorecontenthub.cloud/api/public/content/9433097513c041aab53a5927af3f7927?v=862e5c09
5/18/2021,ExtremeApplications,ExtremeCloud IQ Perpetual,End-of-Sale Notification for ExtremeCloud IQ Perpetual,https://extr-p-001.sitecorecontenthub.cloud/api/public/content/cc67009b68694a3f9499a397421cd711?v=e4ffeec7
5/18/2021,ExtremeApplications,ExtremeCloud IQ,End-of-Sale Notification for ExtremeCloudā„¢ IQ Local Subscription for Select Extreme Switches for the US K-12 Market,https://extr-p-001.sitecorecontenthub.cloud/api/public/content/653603ce805241f1b2546901ed5aa4c7?v=9fc6c41f
5/18/2021,ExtremeCloud,"Extreme Management Center, ExtremeAnalytics, ExtremeControl, ExtremeCompliance","End-of-Sale Announcement for Extreme Management Centerā„¢, ExtremeControlā„¢, and ExtremeAnalyticsā",https://extr-p-001.sitecorecontenthub.cloud/api/public/content/07937911ee4c4a67a277c8ddc2c47918?v=ea48e222
5/27/2021,ExtremeWireless,AP8533 and AP8432,End of Sales Notification Notification for AP8533 and AP8432,https://extr-p-001.sitecorecontenthub.cloud/api/public/content/bba5edca142445d3b614e29399733918?v=52f58992
5/31/2021,NetworkPacketBroker,"BR-NVA-BVM-1, BR-NVA-INFOSIM-1","End-of-Sale Notification for BR-NVA-BVM-1, BR-NVA-INFOSIM-1",https://extr-p-001.sitecorecontenthub.cloud/api/public/content/88466d678167447cbdb6a1aaaaa20323?v=fc24cb47
6/21/2021,ExtremeMobility,Extreme Campus Controller,End-of-Sale Notification for Extreme Campus Controller V4 licenses,https://extr-p-001.sitecorecontenthub.cloud/api/public/content/704ced00d6074ca091fb94a8aee32284?v=d6ad4e88
6/23/2021,ExtremeSwitching,AH-SR-2348P Ethernet Switch,End-of-Sale Notification for Extreme (Aerohive) AH-SR-2348P switches,https://extr-p-001.sitecorecontenthub.cloud/api/public/content/29e4e11cbee443499745fa04a76f6007?v=9982eaff
6/24/2021,ExtremeSwitching,EC7205A1F-E6 and EC7205A1B-E6 power supplies for VSP 7200XSQ,End-of-Sale Notification for EC7205A1F-E6 and EC7205A1B-E6 power supplies for VSP 7200XSQ switches,https://extr-p-001.sitecorecontenthub.cloud/api/public/content/82e8cb9a8a914e5ab29fbaecfc224b68?v=91347afe
7/1/2021,ExtremeRouting,CER,End-of-Sale Notification for CER,https://extr-p-001.sitecorecontenthub.cloud/api/public/content/b8da83a68639470283acc5b34776cc49?v=57500f24
7/7/2021,ExtremeSwitching,Optic Select Extreme Optics Transceivers and Cables,"End-of-Sale Notification for Select Extreme Optics transceivers and cables effective January 15, 2022",https://extr-p-001.sitecorecontenthub.cloud/api/public/content/083cc90208e246089fa8df73b9f91a32?v=f4a1739b
8/19/2021,ExtremeSwitching,VDX 6940,End-of-Sale Notification for VDX 6940,https://extr-p-001.sitecorecontenthub.cloud/api/public/content/92308fdfdda14f87974c0f043ebb4b24?v=876ef71d
8/20/2021,ExtremeSwitching,ERS 5900 DC power,End-of-Sale Notification for ERS 5900 DC Power Supply models and associated bundles,https://extr-p-001.sitecorecontenthub.cloud/api/public/content/ce0802f295fe49bbb012b6e838f2d41a?v=26783907
9/24/2021,ExtremeSwitching,Optics 10GB-F10-SFPP and 10GB-F20-SFPP,End-of-Sale Notification for Extreme Optics 10GB-F10-SFPP and 10GB-F20-SFPP,https://extr-p-001.sitecorecontenthub.cloud/api/public/content/34a8278e361546ef99195207e129d96b?v=188abc1c
9/24/2021,ExtremeSwitching,Identify Engines Posture MS-NAP and Identity Engines Access Portal,Update to previously published End-of-Sale Notification for Identify Engines Posture MS-NAP and Identity Engines Access Portal plus associated bundles,https://extr-p-001.sitecorecontenthub.cloud/api/public/content/ee1432a8ab3444938a9a16539434329b?v=f5a67fb7
10/7/2021,ExtremeSwitching,Optic 10G-SFP-SR and multi-pack 10G-SFP-SR-8,Update to End-of-Sale Notification for Extreme Optic 10G-SFP-SR and multi-pack 10G-SFP-SR-8,https://extr-p-001.sitecorecontenthub.cloud/api/public/content/8e87da77b2024aadbf783fb6d95cceb2?v=8117117e
10/15/2021,ExtremeSwitching,Optics 40GB-ESR4-QSFP and AA1404028-E6,End-of-Sale Notification for Extreme Optical transceiver 40GB-ESR4-QSFP and cable AA1404028-E6,https://extr-p-001.sitecorecontenthub.cloud/api/public/content/ed6005c2fd744aae92abc9e2d3a3155d?v=41e8113d
10/21/2021,ExtremeWireless,RFS-4010,End-of-Sale Notification for RFS-4010,https://extr-p-001.sitecorecontenthub.cloud/api/public/content/f88347c503f843cab6b58b992046b761?v=f6cdd66f
11/8/2021,ExtremeRouting,MLXe,End-of-Sale Notification for MLXe,https://extr-p-001.sitecorecontenthub.cloud/api/public/content/dd8ebdcd66cd460fb69dd317613b3a34?v=196c3efb
11/18/2021,ExtremeSwitching,VDX 8770,End-of-Sale Notification for VDX 8770,https://extr-p-001.sitecorecontenthub.cloud/api/public/content/30e7fcd9daab41e6bc8f61e844f21d41?v=c64220b5
12/9/2021,ExtremeSwitching,VSP 8600 line card EC8604004-E6,End-of-Sale Notification for VSP 8600 40G line card EC8604004-E6,https://extr-p-001.sitecorecontenthub.cloud/api/public/content/1fecae845b48401cad9633518e1c8316?v=8ecbcafb
1/3/2022,ExtremeCampus,Extreme Campus Controllers V5 Licenses,End-of-Sale Notification for Extreme Campus Controller V5 Licenses,https://extr-p-001.sitecorecontenthub.cloud/api/public/content/f51d65c5e9634f4f83b1a7f240c627ef?v=45323840
1/3/2022,ExtremeCloud,ExtremeCloudā„¢ A3 V3 Licenses,End-of-Sale Notification for ExtremeCloudā„¢ A3 V3 Licenses,https://extr-p-001.sitecorecontenthub.cloud/api/public/content/5cf6d4a4c5734607bb69b0dfbb41a0bf?v=6a95d747
1/18/2022,ExtremeSwitching,ERS 5900 and ERS 4900 Series,End-of-Sale Notification for ERS 4900 and ERS 5900 products,https://extr-p-001.sitecorecontenthub.cloud/api/public/content/f90b92a02b514562a91411df82a089ed?v=03da06bf
1/20/2022,ExtremeSwitching,Select Optics and cables effective 7/15/2022,"End-of-Sale Notification for Select Extreme Optics transceivers and cables effective July 15, 2022",https://extr-p-001.sitecorecontenthub.cloud/api/public/content/603fcf6cdb414efb84b8b436918b2da5?v=a42161e8
1/27/2022,ExtremeSwitching,VSP 4450,End-of-Sale Notification for VSP 4450 products,https://extr-p-001.sitecorecontenthub.cloud/api/public/content/6d2a2b21cb774fda9dcc5db700f137b7?v=72436b01
3/4/2022,ExtremeSwitching,SLX 9140,End-of-Sale Notification for SLX 9140,https://extr-p-001.sitecorecontenthub.cloud/api/public/content/bfdc22fb78384da095adc47623c38e1b?v=5d9b3293
3/4/2022,ExtremeSwitching,VSP 8600,End-of-Sale Notification for VSP 8600,https://extr-p-001.sitecorecontenthub.cloud/api/public/content/0e98cb2c43f64f409d9b8fe3223114f3?v=c08d5020
3/24/2022,ExtremeSwitching,VSP 8600,Updated EOS Notification for VSP 8600,https://extr-p-001.sitecorecontenthub.cloud/api/public/content/72f4fb4ba613410dad1019d029de4cab?v=543e3ab7
4/15/2022,ExtremeCloud,Ipanema Essential,End-of-Sale Notification for Extreme Ipanema Essential products,https://extr-p-001.sitecorecontenthub.cloud/api/public/content/2ec373f765ad468e8e83e10a3d16d097?v=2695b047
4/20/2022,ExtremeSwitching,Optical transceivers 100G-CFP2-ER4-40KM and 100G-CFP2-LR4-10KM,End-of-Sale Notification for Select Extreme Optical transceivers 100G-CFP2-ER4-40KM and 100G-CFP2-LR4-10KM,https://extr-p-001.sitecorecontenthub.cloud/api/public/content/7afa76dcc4f9456f9ff33dda219580af?v=746403db
4/20/2022,ExtremeSwitching,Optical transceiver AA1419048-E6,End-of-Sale Notification for Extreme Optical transceiver AA1419048-E6,https://extr-p-001.sitecorecontenthub.cloud/api/public/content/afc2bb4cd4e04e2f956a36e876450dcb?v=fd833e61
4/22/2022,ExtremeCloud,ExtremeCloud SD-WAN,End-of-Sale Notification for ExtremeCloud SD-WAN SKUs which will not be released,https://extr-p-001.sitecorecontenthub.cloud/api/public/content/0657a1b8ebd34964a9267f0315f134b8?v=e4fd51e2
4/29/2022,ExtremeSwitching,VSP 7200,EOS Notification for the VSP 7200 SKUs with Front-to-back cooling,https://extr-p-001.sitecorecontenthub.cloud/api/public/content/bc648f6d400846098180b573cefd27b8?v=0fb8c99b
5/6/2022,ExtremeWireless,Extreme Campus Controllers,End of Sales Notification for Extreme Campus Controllers E2122 and E3120,https://extr-p-001.sitecorecontenthub.cloud/api/public/content/e294584d21f0480d984ecacf3ce0857e?v=729a9cd0
5/6/2022,ExtremeWireless,WiNG 5 Software,End of Version Maintenance for WiNG 5 Software,https://extr-p-001.sitecorecontenthub.cloud/api/public/content/52cfb852382643298c80f5bdbf4efaed?v=07538bfd
5/20/2022,ExtremeRouting,Update for CES models,Update to End-of-Sale Notification for CES models,https://extr-p-001.sitecorecontenthub.cloud/api/public/content/d730ca5368184734b146779db834d1e0?v=21e8d8e4
5/27/2022,ExtremeCloud IQ,ExtremeCloud IQ Virtual Appliance (IQVA),End of Sales Notification for ExtremeCloud IQ Virtual Appliance (IQVA),https://extr-p-001.sitecorecontenthub.cloud/api/public/content/7d32d9965ccd448695ca172a351c2ef0?v=9c830d0f
6/9/2022,ExtremeSwitching,"Optical Transceivers AA1404002-E6, AA1403017-E6 and MGBIC-02","Change of End-of-Sale dates for Optical Transceivers AA1404002-E6, AA1403017-E6 and MGBIC-02",https://extr-p-001.sitecorecontenthub.cloud/api/public/content/f8278e06cfd74939a3e51157c7910d3b?v=002eb288
6/28/2022,ExtremeSwitching,"AL4900A04-E6, EC4400A05-E6, AL1905A19-E6, AL1905A21-E6, AL1905A3F-E6, 10320, 10403, AA1404001-E6","Update to End-of-Sale Notifications for AL4900A04-E6, EC4400A05-E6, AL1905A19-E6, AL1905A21-E6, AL1905A3F-E6, 10320, 10403, and AA1404001-E6",https://extr-p-001.sitecorecontenthub.cloud/api/public/content/0d984dc101ff4fb7b19a402d34336454?v=1654bf91
7/15/2022,ExtremeSwitching,Summit X460-G2,End-of-Sale Notification for select Summit X460-G2 platforms and accessories,https://extr-p-001.sitecorecontenthub.cloud/api/public/content/e7f00fb5abd94079b344fc8e4775f08b?v=f5a045eb
7/15/2022,ExtremeSwitching,Summit X450-G2,End-of-Sale Notification for Summit X450-G2 platforms and accessories,https://extr-p-001.sitecorecontenthub.cloud/api/public/content/d19eaec74b994988be988696a02ca647?v=b4dfc902
7/15/2022,ExtremeSwitching,Optics transceivers and cables,"End-of-Sale Notification for Select Extreme Optics transceivers and cables effective January 15, 2023",https://extr-p-001.sitecorecontenthub.cloud/api/public/content/d9da9eb496604352ae5959dd3251e9f9?v=611664c2
7/22/2022,ExtremeSwitching,RPS-90,Immediate End-of-Sale Notification for RPS-90 (10948),https://extr-p-001.sitecorecontenthub.cloud/api/public/content/99f912eb2db84d26bb840157c781f638?v=f44b8d97
7/29/2022,ExtremeSwitching,VDX 6740,EOS Notification for VDX 6740,https://extr-p-001.sitecorecontenthub.cloud/api/public/content/f70186751f754b4c897ee8789a4a5423?v=802fca17
8/1/2022,ExtremeApplications,ExtremeGuest,"End-of-Sale Announcement for Extreme Networks Distributors, Partners, and Sales",https://extr-p-001.sitecorecontenthub.cloud/api/public/content/c82cb75beaa64a2bb3034dc2227e3b25?v=815d8a04
8/3/2022,ExtremeRouting,CER,Updated EOSM dates for EOS Notification for CER,https://extr-p-001.sitecorecontenthub.cloud/api/public/content/6485635f61a64643a4f215c4f118efaa?v=2bd07109
8/3/2022,ExtremeRouting,CES,Updated EOS/EOSM/EOSL dates for the EOS Notification for CES,https://extr-p-001.sitecorecontenthub.cloud/api/public/content/df4c4e05a400402da7776cfd124101e1?v=e21a2e96
7/29/2022,ExtremeRouting,SLX 9850,End-of-Sale Notification for SLX 9850 platform,https://extr-p-001.sitecorecontenthub.cloud/api/public/content/b4233bc4e1e4483fb68f8422c1304aa5?v=8bc4b424
8/29/2022,ExtremeSwitching,Summit 450-G2,Update to End of Sale Announcement for Summit X450-G2,https://extr-p-001.sitecorecontenthub.cloud/api/public/content/4eff723997cd473b8f93c1653403d3f4?v=d3514a07
9/12/2022,ExtremeSwitching,"Optics 10503, 40GB QSFP-LR4, 10G-SFP-SR, and multi-pack 10G-SFP-SR-8s","Update to End-of-Sale Notification for Extreme Optic 10503, 40GBļæ½QSFP-LR4, 10G-SFP-SR, and multi-pack 10G-SFP-SR-8",https://extr-p-001.sitecorecontenthub.cloud/api/public/content/c8e712076f1941ca96ef8fdd28ebcdba?v=407f6123
9/19/2022,ExtremeWireless,Aerohive Accessories and Optics,End-of-Sale Notification for Extreme Aerohive accessories and optical transceivers AH-ACC-xx,https://extr-p-001.sitecorecontenthub.cloud/api/public/content/82c25ab0e2de4d29a00942b3a9bd8d4d?v=7a02434c
9/26/2022,ExtremeSwitching,Optics 10320 10530 10531,"Update to End-of-Sale Notification for Extreme Optic 10320 and AOC cables 10530, 10531",https://extr-p-001.sitecorecontenthub.cloud/api/public/content/e088f4a33cc94f98b2e4d9cb33231fb9?v=e9d10ab3
10/21/2022,ExtremeWireless,NSight,EOS Bulletin for NSight,https://extr-p-001.sitecorecontenthub.cloud/api/public/content/cf59a8947b734e6484973a02ac2c9d73?v=e6e4233c
11/18/2022,ExtremeCloud,Ipanema ISD-IPE-2000ax SD[1]WAN,End-of-Sale Notification for Extreme Ipanema ISD-IPE-2000ax SD[1]WAN products,https://extr-p-001.sitecorecontenthub.cloud/api/public/content/3e7ebfa35a24421a91a421c42107b066?v=4a1ef739
11/23/2022,ExtremeSwitching,"Optical Transceivers 10311, 10330, 10331, and 10G-SFP-SR-8","Update to End-of-Sale Notification for 10311, 10330, 10331, and 10G-SFP-SR-8 optical transceivers and cables",https://extr-p-001.sitecorecontenthub.cloud/api/public/content/fd09f1c97ebd44dfbe4604a44742c665?v=3f84dec6
1/11/2023,ExtremeCloud,ExtremeCloud SD-WAN,End-of-Sale Notification for ExtremeCloud SD-WAN DC appliances and replacement products,https://extr-p-001.sitecorecontenthub.cloud/api/public/content/cae502d12cf044ae94fc98371336bc4c?v=ea6a4640
1/17/2023,ExtremeSwitching,Summit X460-G2,End-of-Sale Notification for Summit X460-G2 platforms and accessories,https://extr-p-001.sitecorecontenthub.cloud/api/public/content/984fadd461dc417c909ec6c8b94901e0?v=215369b5
1/17/2023,ExtremeSwitching,Summit X440-G2,End-of-Sale Notification for Summit X440-G2 platforms and accessories,https://extr-p-001.sitecorecontenthub.cloud/api/public/content/f6e4e44f53bf475e90c4d934d3052d88?v=d2b49273
1/19/2023,ExtremeSwitching,SLX 9150 and SLX 9250,EOS Notification for SLX 9150 and SLX 9250,https://extr-p-001.sitecorecontenthub.cloud/api/public/content/9f0bc0be79ea4e918c4c43c5d0edef67?v=17d65681
1/31/2023,ExtremeSwitching,VSP 7200,EOS Notification for VSP 7200,https://extr-p-001.sitecorecontenthub.cloud/api/public/content/0bc216794e58469baaa3608784efc487?v=53569e5c
2/3/2023,ExtremeWireless,WiNG NX-5500 and NX-7500,EOS Bulletin for WiNG NX-5500 and NX-7500,https://extr-p-001.sitecorecontenthub.cloud/api/public/content/f81b5b4ebcfe496c83c6244d2f035589?v=6e65312a
2/15/2023,"SRA (Switching, Routing and Analytics)","Brocade Flow Optimizer, SKUs (BR-BFO-LRG, BR-BFO-SML)",EOS Notification for Brocade Flow Optimizer,https://extr-p-001.sitecorecontenthub.cloud/api/public/content/4b94c8e76f244c1f89b1f07e8c045c17?v=64efa578
5/23/2023,ExtremeSwitching,Wireless and Wired accessories,End of Sale Announcement for Miscellaneous Accessories,https://extr-p-001.sitecorecontenthub.cloud/api/public/content/a67263b4960a4971b1813d96885bfb29?v=a2a6ee10
6/20/2023,ExtremeRouting,"NVA- Session Director, VPB, VTAP and Protocol Analysis Engine",Immediate End of Sale Notification for NVA products,https://extr-p-001.sitecorecontenthub.cloud/api/public/content/b6d98283ea2b4590aaf7c9431a2ddb0d?v=e3cdda74
6/26/2023,ExtremeWireless,WiNG NX 5500 and NX 7500,Update to End of Sale Announcement for ExtremeWirelesss WiNG NX550 & NX7500,https://extr-p-001.sitecorecontenthub.cloud/api/public/content/0cd33c8f393a4070949a0f99759f66f5?v=13c45815
8/15/2023,ExtremeSwitching,ExtremeSwitching X870,End of Sale Announcement X870,https://extr-p-001.sitecorecontenthub.cloud/api/public/content/c19ab6f53b0d4dff8fb4b386fedb89d6?v=38f7cac3
9/21/2023,,ExtremeWorks,,
9/28/2023,Optics,Optical Transceivers,,
,ExtremeSwitching,Brocade-branded Transceivers and Cables SKUs,Update to EOS dates for select Brocade-branded Transceivers and Cable SKUs,https://extr-p-001.sitecorecontenthub.cloud/api/public/content/e6d3d0e7928b4191b09f7704baf4f532?v=de96d619
,ExtremeWireless,WiNG Zebra Branded Access Points,Update to End of Sale Notification for ExtremeWireless WiNG Zebra Branded -WR Access Points,https://extr-p-001.sitecorecontenthub.cloud/api/public/content/041a8cee53a042ac86048858f6b20726?v=ba72b8b0
,ExtremeSwitching,Summit 460-G2,Update to End of Sale Announcement for Summit X460-G2,https://extr-p-001.sitecorecontenthub.cloud/api/public/content/5aca0327e7da4b92a785fc927a57e734?v=d13b0494
,ExtremeSwitching,Summit X460-G2,Update to End of Sale Announcement for Summit X460G2,https://extr-p-001.sitecorecontenthub.cloud/api/public/content/80f77e451a80412fa149f107ff06bd8a?v=1a159987
,ExtremeSwitching,Summit X450-G2,Update to End of Sale Announcement for Summit X450G2,https://extr-p-001.sitecorecontenthub.cloud/api/public/content/e937a0058bc540cf811aa95db16cd932?v=42e8572d
,ExtremeSwitching,Summit X440-G2,Update to End of Sale Announcement for Summit X440G2,https://extr-p-001.sitecorecontenthub.cloud/api/public/content/987fa7bc40a14ef6acad010b892520df?v=aa7f99a0
11/7/2023,ExtremeSwitching,Miscellaneous Cables and Accessories,End-of-Sale Notification for Miscellaneous Cables and Accessories,https://extr-p-001.sitecorecontenthub.cloud/api/public/content/07b004e6503b4758a306576f1e80dc74?v=6ad449de
9/28/2023,ExtremeSwitching,Optical Transceivers,"End-of-Sale Notification for Optical transceivers and cables 10058, 10059, 10320, 10530, 10531",https://extr-p-001.sitecorecontenthub.cloud/api/public/content/4caf7fe448c045e79e74eb8d9fac3bd2?v=789159d3
7/31/2023,ExtremeWireless,Aerohive AP,End of Sale Announcement - Aerohive POE Injectors,https://extr-p-001.sitecorecontenthub.cloud/api/public/content/1bb09a3449a9439aa4e8e1ab00d742eb?v=c1847797
11/27/2023,ExtremeSwitching,FastPath 200 series,End of Sale and End of Software Maintenance Notification - 200 series,https://extr-p-001.sitecorecontenthub.cloud/api/public/content/72a9deeeba6c497fab2e49759b37a865?v=55a7a979
1/20/2023,ExtremeWireless,Accessories,End-of-Sale Notification for miscellaneous power cords,https://extr-p-001.sitecorecontenthub.cloud/api/public/content/1478d424ddce4e91acbe5005c84a58b6?v=3034418d
1/20/2023,ExtremeWireless,V400 Series,End-of-Sale Notification for Extreme V400-series,https://extr-p-001.sitecorecontenthub.cloud/api/public/content/702ae07a73e344a89ac18a278f9b229e?v=55904453
11/27/2023,ExtremeCloud,Extreme XIQ,End of Sale Announcement XIQ-DELAY Subscriptions,https://extr-p-001.sitecorecontenthub.cloud/api/public/content/e18949f4016e4e1d92a5ab5f3e4b76c0?v=752d50c2
10/20/2023,ExtremeSwitching,VSP 8400,End of Sale Announcement for VSP8404C chassis,https://extr-p-001.sitecorecontenthub.cloud/api/public/content/8e1aecba03514ee094a0a72ceb64f9db?v=4da21d14
7/14/2023,WAN Edge,Ipanema SDWAN,End of Sale of Ipanema SD-WAN Products,https://extr-p-001.sitecorecontenthub.cloud/api/public/content/a21b5360042a44c09bcd282bae476ff0?v=5b6ae431
9/21/2023,ExtremeCloud,ExtremeCloud IQVA,Updated to End of Sale Notification for ExtremeCloud IQ Virtual Appliance (IQVA),https://extr-p-001.sitecorecontenthub.cloud/api/public/content/ca431137337c4190b62e2cf608fab417?v=a3f8e82e
9/21/2023,ExtremeSwitching,Optical Trasceivers 10501 10311,Update to End-of-Sale Notifications for Extreme Optics 10501 and 10311,https://extr-p-001.sitecorecontenthub.cloud/api/public/content/12f159bda73b4a39bbcb85462a8efb8a?v=0d1b1844
12/11/2023,ExtremeWireless,Aerohive ATOM,"End of Sale Notification for AH-ATOM-CAN, AH-ATOM-FCC & AH-ATOM-W",https://extr-p-001.sitecorecontenthub.cloud/api/public/content/16675bd65f9d448f848c9fe1c53dde3b?v=4b515adc
1/30/2024,ExtremeCloud,ExtremeCloud A3,EOS Notification for ExtremeCloud A3,https://extr-p-001.sitecorecontenthub.cloud/api/public/content/0bcc9540d07645e7a32f0e1bfabcf8c6?v=93d7599d
2/15/2024,Smart OmniEdge Wireless,AP560i and AP560h,End of Sale Announcement for Outdoor Wireless Access Points – AP560i and AP560h,https://extr-p-001.sitecorecontenthub.cloud/api/public/content/21bb61b60238478b8edc88715fdf5dca?v=ef9f63c1
2/29/2024,"SRA (Switching, Routing and Analytics)","XBR-3250CFM-FAN-R, XBR-ACPWR-650-R, XBR-DCPWR-650-R",End-of-Sale Notification for Extreme 9240 -R power supplies and fan with back-to-front airflow,https://extr-p-001.sitecorecontenthub.cloud/api/public/content/b647ee32acc941ad8f86ce491a18799c?v=9e5c1299
3/15/2024,Optics,Optical Transceivers and Cables,End-of-Sale Notification for select Optical transceivers and cables,https://extr-p-001.sitecorecontenthub.cloud/api/public/content/9173c9900a8e498ca9341bfa9d62b266?v=65634996
10/3/2022,OmniEdge Wireless,Defender for IoT and Defender Adapter,End of Sale Announcement for Defender for IoT and Defender Adapter,https://extr-p-001.sitecorecontenthub.cloud/api/public/content/0fbd0f988f4847f8aff236bb2ee6cc30?v=1445200c
2/29/2024,SRA,Extreme 9240 -R power supplies,Update to End-of-Sale Notification for Extreme 9240 -R power supplies and fan with back-to-front airflow,https://extr-p-001.sitecorecontenthub.cloud/api/public/content/0fbd0f988f4847f8aff236bb2ee6cc30?v=1445200c
4/29/2024,AH,XR600,EOS Notification for XR600,https://extr-p-001.sitecorecontenthub.cloud/api/public/content/61f4b6031aae44c79f63ba1799213980?v=9cb6d0b9
5/6/2024,Smart OmniEdge Switching,10966,Immediate End of Sale Announcement for 10966,https://extr-p-001.sitecorecontenthub.cloud/api/public/content/a74829d494ba493d96d00447854f5ebc?v=1d468b3f
1/19/2024,ExtremeSwitching,Power Cords,EOS Notification for Extreme Miscellaneous Power Cords,https://extr-p-001.sitecorecontenthub.cloud/api/public/content/7af4d1275d274fc280291e250475300a?v=26f24bae
6/3/2024,ExtremeWireless,ExtremeWireless WiNG 7 Software,End-of-Version-Maintenance Announcement for ExtremeWireless WiNG 7 Software,https://extr-p-001.sitecorecontenthub.cloud/api/public/content/EOVM-Wireless-Wing-7-Software?v=ef2c7293
6/3/2024,ExtremeWireless,WiNG VX9000 CX9000,EOS Notification for VX9000 and CX9000 (CX-WiNG),https://extr-p-001.sitecorecontenthub.cloud/api/public/content/EOS-ExtremeWireless-WiNG-VX9000-CX9000?v=18ef2032
5/28/2024,Miscellaneous Cables and Accessories,Immediate End-of-Sale Announcement for Accessories and Cables,Immediate End-of-Sale Announcement for Accessories and Cables,https://extr-p-001.sitecorecontenthub.cloud/api/public/content/337b1f027b38460ebe6b8c29a33a164e?v=1a4ae5e2
5/29/2024,Smart OmniEdge Wireless,30137,End-of-Sale Notification for ExtremeCloud IQ Controller Hardware Appliance E1120 [30137],https://extr-p-001.sitecorecontenthub.cloud/api/public/content/ae69133177f24ed9a0c3c785c0eb7bc2?v=e6889af4
6/21/2024,SRA,"Extreme Visibility Manager (XVM) 6.x, XVM-LIC-1",End of Sale Notification for Extreme Visibility Manager (XVM) 6.x,https://extr-p-001.sitecorecontenthub.cloud/api/public/content/1a45aa0c86de4404a7dd7c8dc5504c14?v=323bccaf
7/14/2024,Summit,X440-G2,Additional Update to End-of-Sale Notification for Summit X440-G2 Series,https://extr-p-001.sitecorecontenthub.cloud/api/public/content/e5c760f42e7f4e1f818a08501575bc03?v=c94f7c04
7/14/2024,Summit,X450-G2,Additional Update to End-of-Sale Notification for Summit X450-G2 Series,https://extr-p-001.sitecorecontenthub.cloud/api/public/content/e5953a2f56114a2a9cde7fcab2852b27?v=e14fcfc3
7/14/2024,Summit,X460-G2,Additional Update to End-of-Sale Notification for Summit X460-G2 Series,https://extr-p-001.sitecorecontenthub.cloud/api/public/content/17c6d601fc3c41719cf33bf6c0bc511d?v=699b9bcd
3/25/2025,Smart OmniEdge Wireless,AP460i and AP460e,End of Sale Announcement for Wireless Access Point – AP460i and AP460e,https://extr-p-001.sitecorecontenthub.cloud/api/public/content/5b0de2988736499f881c541824eb9442?v=154d1bd8
4/2/2025,SRA,SLX-9240 Accessories,Update to End-of-Sale Notification for Extreme Networks SLX-9240 Accessories,https://extr-p-001.sitecorecontenthub.cloud/api/public/content/931c81890bd8408c87c60adb8ae494d8?v=df2a0eb4
4/2/2025,ExtremeSwitching,5420 Power Supplies,End-of-Sale Notification for Extreme Networks 5420 Power Supplies,https://extr-p-001.sitecorecontenthub.cloud/api/public/content/3fd3fd7a5d4a4dc399195d3039f66245?v=ee11472c
4/8/2025,ExtremeSwitching,Optical Transceivers - 10G-SFP-SR and 10326,End-of-Sale Notification for Extreme Networks Optical Transceivers - 10G-SFP-SR and 10326,https://extr-p-001.sitecorecontenthub.cloud/api/public/content/21407e57679c4205a189bfbe20b9cf15?v=e377af73
2/18/2025,ExtremeCloud,Visibility Skill,End-of-Sale Notification for Extreme Networks Visibility Skill Subscription of ExtremeCloud Orchestrator,https://extr-p-001.sitecorecontenthub.cloud/api/public/content/0d467c065dcc4910a02000f06abf7267?v=9a2db71d
2/18/2025,ExtremeSwitching,SLX-9240,End-of-Sale Notification for Extreme Networks SLX-9240,https://extr-p-001.sitecorecontenthub.cloud/api/public/content/2cc2a8307dd34c9283b2ec30718b23f0?v=cd97d13e
2/18/2025,SRA,9920,End-of-Sale Notification for Extreme Networks 9920,https://extr-p-001.sitecorecontenthub.cloud/api/public/content/438e4a212d75454082a25683b4aa8969?v=02dcf7e3
2/18/2025,SRA,"XN-FAN-002-F, 10345 and 10106","End-of-Sale Notification for Extreme Networks parts XN-FAN-002-F, 10345 and 10106",https://extr-p-001.sitecorecontenthub.cloud/api/public/content/77c61a9b89f2440cbda7955cd90dfcde?v=d7f759ac
1/27/2025,ExtremeCloud,Extreme CloudOps Subscription,End of Sale Announcement for Extreme CloudOps Subscription for Extreme Distributed Cloud,https://extr-p-001.sitecorecontenthub.cloud/api/public/content/96d3fede4b124b598b81edb40f8b9143?v=000323a4
11/8/2024,Optics,"100G-LR4- QSFP2KM, 10334","End-of-Sale Announcement for Optical Transceivers 100G-LR4- QSFP2KM, 10334",https://extr-p-001.sitecorecontenthub.cloud/api/public/content/8c4abcd267ce44f7b7c1bf64128f33cf?v=00aebbc6
12/17/2024,ExtremeSwitching,X590 and X690,End-of-Sale Announcement for Extreme Summit X590 and X690 series,https://extr-p-001.sitecorecontenthub.cloud/api/public/content/13f8ce01cd70484bbd5abb8791c750d2?v=4385cd12
4/28/2025,ExtremeSwitching,AP305CX,End-of-Sale Announcement for Wireless Access Point AP305CX,https://extr-p-001.sitecorecontenthub.cloud/api/public/content/d1444fba23cd4a03a7a3b0d868b6972a?v=9233401b
5/7/2025,ExtremeWireless,Wireless Antennas,Immediate End of Sale for Wireless Antennas,https://extr-p-001.sitecorecontenthub.cloud/api/public/content/754b5f5dbcce47a6886ea35e463e5ce6?v=3eea82ce
10/8/2024,ExtremeCloud,E2122-1,End of Sale Announcement for ExtremeCloud IQ Controller Appliance E2122-1,https://extr-p-001.sitecorecontenthub.cloud/api/public/content/3e2b10da373f48efa7fd17ec42254de3?v=8132c0e5
10/25/2024,Summit,X620,End of Sale Notification for Summit X620x Fiber Platform,https://extr-p-001.sitecorecontenthub.cloud/api/public/content/897af4a163b44a11b552d1b576b39045?v=b25aaeba
9/20/2024,Optics,40G-LM4-QSFP160M,End of Sale Notification for Optical Transceiver 40G-LM4-QSFP160M,https://extr-p-001.sitecorecontenthub.cloud/api/public/content/2272fddc787e48dda6281a310a2ce3c7?v=30ed33cf
9/9/2024,SRA,SLX 9740,End of Sale Notification for SLX 9740 Platform and Bundles,https://extr-p-001.sitecorecontenthub.cloud/api/public/content/13c6891ec0a44e00bddb73e216e54a21?v=b8d4305f
9/20/2026,AH,AP305C,Update to End-of-Sale Announcement for Wireless Access Point AP305C,https://extr-p-001.sitecorecontenthub.cloud/api/public/content/801b46c79c454dc98e1e81606a3f2a1a?v=c8d5a355
6/12/2025,Summit,10953,End-of-Sale Notification for Extreme Networks 10953 350W Power Supply,https://extr-p-001.sitecorecontenthub.cloud/api/public/content/240a1a32ed514a288fac677602be7e5b?v=ff2fe827
6/12/2025,Summit,"16535A, 16533",Update to End-of-Sale Notification for 16535A (X440-G2-48p-10GE4) and 16533 (X440-G2-24p-10GE4) Switches,https://extr-p-001.sitecorecontenthub.cloud/api/public/content/708101db51264d0d839630c54ac3b667?v=831bfb6c
4/7/2023,Summit,X670,End-of-Sale Notification for X670-G2 family,https://extr-p-001.sitecorecontenthub.cloud/api/public/content/ea309f5c1d3d4f7a83b859360af3cb4a?v=07727d3f
7/14/2025,5120,Activation SKUs in LATAM,End-of-Sale Notification for Activation SKUs in LATAM with replacement part numbers,https://extr-p-001.sitecorecontenthub.cloud/api/public/content/1c3ca0808e804fe2ac78d4de40f633ef?v=51dcd7b1
7/16/2025,EAN,ERS3600,End of Sale Announcement for ERS3600,https://extr-p-001.sitecorecontenthub.cloud/api/public/content/b60d18a4ae274f1caf0cf9e522ef9e44?v=701708d0
7/18/2025,Summit,X695,End of Sale Announcement for Summit X695,https://extr-p-001.sitecorecontenthub.cloud/api/public/content/ef2435dcc8cc4f6f96622b253fcd02af?v=af1f319b
12/15/2024,WiNG Wireless,25-90262-01R,End of Sale Announcement for 25-90262-01R,https://extr-p-001.sitecorecontenthub.cloud/api/public/content/b00ca18660b146fda04a328638dd7fa0?v=85a8bafe
7/28/2025,5000,5420 1200W and 2000W Power Supplies,End-of-Sale Notification for Extreme Networks 5420 1200W and 2000W Power Supplies with replacements,https://extr-p-001.sitecorecontenthub.cloud/api/public/content/a54212e04ee14c659240f01d3fc6bd7c?v=838ae062
9/20/2026,AH,"AP410C, AP410i and AP410e","Update to End-of-Sale Announcement for Wireless Access Point AP410C, AP410i and AP410e",https://extr-p-001.sitecorecontenthub.cloud/api/public/content/647ce5c9a7494581bf2323a1db70ce17?v=41116287
10/9/2025,EAN,VSP8400C chassis,Updated End of Sale Notification for VSP8400C chassis,https://extr-p-001.sitecorecontenthub.cloud/api/public/content/1631dfd60df04750914d67b073e0df43?v=7ea0d8e7
10/15/2025,ExtremeCloud,ExtremeCloud IQ Site Engine version 24.2 and older,End of Service Announcement for ExtremeCloud IQ Site Engine version 24.2 and older,https://extr-p-001.sitecorecontenthub.cloud/api/public/content/22f486545c7c4978843817078d2f9a02?v=77a9f971
11/5/2025,Accessories,10106,Update to End-of-Sale Notification for Extreme Networks part 10106,https://extr-p-001.sitecorecontenthub.cloud/api/public/content/b0a6a0a737a34594a825522b01e077ce?v=a2a34d13
11/10/2025,Summit,17121,End-of-Sale Notification for Extreme Networks 17121 - VIM3-40G4X,https://extr-p-001.sitecorecontenthub.cloud/api/public/content/ffd8a4026bfd4e829a1d1a51c730431f?v=008c2935
10/25/2025,Optics,Optical Transceivers and patch cable,"End-of-Sale Notification for Optical Transceivers 10329, 10310, 40GQSFP-ER4-1, adapter 100G-ADPT-CFP2-QSFP and patch cable 10345",https://extr-p-001.sitecorecontenthub.cloud/api/public/content/52494981fa9f4493a616bc18317e5990?v=c16e53e6
11/15/2025,Extreme Platform ONE,Extreme Platform ONE PWP subscriptions,End-of-Sale Notification for Extreme Platform ONE Partner Works Plus (PWP) subscriptions - replaced with Extreme Platform ONE Partner Support Services (PSS) subscriptions,https://extr-p-001.sitecorecontenthub.cloud/api/public/content/92f3313720664a219bce70435547be43?v=8788f804
11/19/2025,Summit,"Extreme Summit X440-G2, X450-G2 and X460-G2 Switches","Update to End-of-Software-Maintenance dates for Extreme Summit X440-G2, X450-G2 and X460-G2 Switches",https://extr-p-001.sitecorecontenthub.cloud/api/public/content/c31716e7305a4654af82f48333997b73?v=95f96606
11/21/2025,5420,5420 Power Supplies,Update to End-of-Sale Notification for Extreme Networks 5420 Power Suppliess,https://extr-p-001.sitecorecontenthub.cloud/api/public/content/5fedd19c9e1d4c70a7cb06b15a7a86cd?v=8d51e152
11/25/2025,Smart OmniEdge Wireless,AP310i & AP310e,End-of-Sale Announcement for Wireless Access Point AP310i & AP310e,https://extr-p-001.sitecorecontenthub.cloud/api/public/content/fd8e44972c774e18956a1cc6f28ea4d5?v=8a1c103b
12/3/2025,Smart OmniEdge Switching,Smart OmniEdge Switching ExtremeS,End-of-Sale Notification for Extreme XN-4P-RKMT-001,https://extr-p-001.sitecorecontenthub.cloud/api/public/content/142f83d12732458ea96c47edcf2ac68c?v=a6d9b958
12/8/2025,VPE,V300-series,End-of-Sale Notification for Extreme V300-series,https://extr-p-001.sitecorecontenthub.cloud/api/public/content/458450a0f82c497f997b21a968f0ba79?v=97f4f0a0
1/8/2026,Summit X440 & ERS3600,X440 & ERS3600,Update to End-of-Sale Notification for 16535A (X440-G2-48p-10GE4) and AL3600A16-E6 (ERS3650GTS-PWR+) Switches,https://extr-p-001.sitecorecontenthub.cloud/api/public/content/fa85e30ec5114c4e9559e23d21c488fd?v=72e28e5b
1/8/2026,WiNG Wireless,ML-2452-PNA7-01R and ML-2452-PNL9M3-N36,End-of-Sale Antennas ML-2452-PNA7-01R and ML-2452-PNL9M3-N36,https://extr-p-001.sitecorecontenthub.cloud/api/public/content/ddbd4d9afa614c81b0b8bdd6f799cc10?v=3f654255
1/26/2026,AH,VGVA,End-of-Sale Notification for ExtremeCloud VPN Gateway Virtual Appliance (VGVA),https://extr-p-001.sitecorecontenthub.cloud/api/public/content/b2a06b1f2c2343ac9460e0ec5124326f?v=9f0f1311
2/25/2026,WAN Edge,Extreme SD-WAN appliances,Removal of power cords from Extreme SD-WAN appliances,https://extr-p-001.sitecorecontenthub.cloud/api/public/content/796e35913c2143a698b10e69d85d8d2f?v=9dd36b7f
3/27/2026,VSP7400,VSP7400,End-of-Sale Notification for VSP 7400 switches and accessories,https://extr-p-001.sitecorecontenthub.cloud/api/public/content/66661d7c21aa4ef7baae0f30ab370c57?v=b9b4a7e7
3/27/2026,Smart OmniEdge Switching,X465,"End-of-Sale Notification for Extreme X465-24MU-24W, X465-24MU24W-B1, X465-24W-B2 switches and 10941 power supp",https://extr-p-001.sitecorecontenthub.cloud/api/public/content/1402e0562c8f442dababc86c07a0b170?v=40eeca3e
3/31/2026,ExtremeCloud IQ Controller,E3120-1 and E3125 Controllers and accessories,End-of-Sale Notification E3120-1 and E3125 Controllers and accessories,https://extr-p-001.sitecorecontenthub.cloud/api/public/content/fb4a532c78484965ab2a229b1b1b4aad?v=6b142e0d
5/12/2026,WAN Edge,ExtremeCloud SDWAN subscriptions and associated appliances,End-of-Sale Notification for ExtremeCloud SDWAN subscriptions and associated appliances,https://extr-p-001.sitecorecontenthub.cloud/api/public/content/e17b6c7d5d6d4a5db5f4f8c029e0bc2d?v=98601bea
4/17/2026,AP4000 Series,AP4000-WW,End-of-Sale Announcement for Wireless Access Point AP4000-WW,https://extr-p-001.sitecorecontenthub.cloud/api/public/content/aed87e467cd7473aa908577b3d9c0d97?v=c35869f9
6/9/2026,AH,"AP460C, AP460S6C and AP460S12C","End-of-Sale Announcement for Wireless Access Point AP460C, AP460S6C and AP460S12C",https://extr-p-001.sitecorecontenthub.cloud/api/public/content/cba5ac6ea7e3493f9c69aac5b022364b?v=b3717cbe
7/14/2026,Summit & EAN,16535A & AL3600A16-E6,Update to End-of-Sale Notification for 16535A (X440-G2-48p-10GE4) and AL3600A16-E6 (ERS3650GTS-PWR+) Switches,https://extr-p-001.sitecorecontenthub.cloud/api/public/content/51208ee43f25450ca1f69062914a273e?v=3e72b396
8/4/2026,AP4000 Series,AP4000,Update to End-of-Sale Notification for Wireless Access Point AP4000-WW,https://extr-p-001.sitecorecontenthub.cloud/api/public/content/a6c24e7e63be4d90b0e9fbc11e31f6fc?v=96bc60fe
