Product,End-of-Life Announcement,End-of-Sale,End-of-Support / End-of-Life,Replacement Product,links
AH-XR-600P,4-Apr-21,18-Jun-21,18-Jun-26,AP302W,https://extr-p-001.sitecorecontenthub.cloud/api/public/content/8cade715827d475ba9d03207893fadb8?v=040edde3
AH-XR-200P,6-Oct-20,31-Dec-20,31-Dec-25,AH-XR600P,
ATOM AP30 3-Pack,10-Jan-20,10-Jan-20,N/A,ATOM AP30 3-Pack,https://extr-p-001.sitecorecontenthub.cloud/api/public/content/7bdfceb443d24b99908a5b22277898e4?v=4d759a02
AP20,4-Oct-10,4-Apr-11,4-Apr-16,AP305C,https://extr-p-001.sitecorecontenthub.cloud/api/public/content/4673ef4f4e5142c2831c55f19feef077?v=c46970d3
AP28,4-Oct-14,4-Apr-11,4-Apr-16,AP340,
AP110,27-Jan-14,26-Jul-14,26-Jul-19,AP305C,https://extr-p-001.sitecorecontenthub.cloud/api/public/content/4673ef4f4e5142c2831c55f19feef077?v=c46970d3
AP120,19-Apr-13,18-Oct-13,18-Oct-18,AP305C,https://extr-p-001.sitecorecontenthub.cloud/api/public/content/4673ef4f4e5142c2831c55f19feef077?v=c46970d3
AP121,1-Feb-17,1-Aug-17,1-Aug-22,AP305C,https://extr-p-001.sitecorecontenthub.cloud/api/public/content/4673ef4f4e5142c2831c55f19feef077?v=c46970d3
AP122X,1-Oct-19,31-Mar-20,31-Mar-25,AP305C,https://extr-p-001.sitecorecontenthub.cloud/api/public/content/4673ef4f4e5142c2831c55f19feef077?v=c46970d3
AP130,13-Nov-20,15-Jun-21,15-Jun-26,AP305C,https://extr-p-001.sitecorecontenthub.cloud/api/public/content/4673ef4f4e5142c2831c55f19feef077?v=c46970d3
AP141,1-Feb-17,1-Aug-17,1-Aug-22,AP245X,
AP170,6-Jul-15,6-Jan-16,6-Jan-21,AP1130,
AP230,27-Jul-20,15-Nov-20,15-Nov-25,AP305C AP410C,https://extr-p-001.sitecorecontenthub.cloud/api/public/content/4673ef4f4e5142c2831c55f19feef077?v=c46970d3 https://extr-p-001.sitecorecontenthub.cloud/api/public/content/7460a7c327ea455d8cc806fcbc9d07b7?v=b03685b7
AP245X,1-Oct-19,31-Mar-20,31-Mar-25,AP305CX,https://extr-p-001.sitecorecontenthub.cloud/api/public/content/4673ef4f4e5142c2831c55f19feef077?v=c46970d3
AP320,15-Nov-12,15-May-13,15-May-18,AP330,
AP340,15-Nov-12,15-May-13,15-May-18,AP350,
AP330,18-Nov-16,18-May-17,18-May-22,AP410C,https://extr-p-001.sitecorecontenthub.cloud/api/public/content/7460a7c327ea455d8cc806fcbc9d07b7?v=b03685b7
AP350,18-Nov-16,18-May-17,18-May-22,AP245X,
AP370,5-Apr-16,5-Oct-16,5-Oct-21,AP410C,https://extr-p-001.sitecorecontenthub.cloud/api/public/content/7460a7c327ea455d8cc806fcbc9d07b7?v=b03685b7
AP390,5-Apr-16,5-Oct-16,5-Oct-21,AP410C AP245X,https://extr-p-001.sitecorecontenthub.cloud/api/public/content/7460a7c327ea455d8cc806fcbc9d07b7?v=b03685b7
AP550,1-Oct-19,31-Mar-20,31-Mar-25,AP510C (AP650),https://extr-p-001.sitecorecontenthub.cloud/api/public/content/4c2c0bfe364b4cc988a8cc7e048db9a8?v=287c9c21
AP630,13-Nov-20,15-Jun-21,15-Jun-26,AP410C,https://extr-p-001.sitecorecontenthub.cloud/api/public/content/7460a7c327ea455d8cc806fcbc9d07b7?v=b03685b7
AP1130,1-Oct-19,31-Jul-20,31-Jul-25,AP460C AP460S6C AP460S12C,https://extr-p-001.sitecorecontenthub.cloud/api/public/content/515beaa815014f54ad9f0fd1727aaadf?v=0a83c82f
AP122,16-Nov-20,15-May-21,15-May-26,AP305C,https://extr-p-001.sitecorecontenthub.cloud/api/public/content/4673ef4f4e5142c2831c55f19feef077?v=c46970d3
AP250,16-Nov-20,15-May-21,15-May-26,AP410C,https://extr-p-001.sitecorecontenthub.cloud/api/public/content/7460a7c327ea455d8cc806fcbc9d07b7?v=b03685b7
