check,detail,url,page
empty-page,,,https://supportdocs.extremenetworks.com/support/documentation/access-points-ap6522/
empty-page,,,https://supportdocs.extremenetworks.com/support/documentation/active-directory-authentication/
empty-page,,,https://supportdocs.extremenetworks.com/support/documentation/auto-provisioning/
empty-page,,,https://supportdocs.extremenetworks.com/support/documentation/benefits-of-wing-application-visibility-control-avc/
empty-page,,,https://supportdocs.extremenetworks.com/support/documentation/centralized-deployments/
empty-page,,,https://supportdocs.extremenetworks.com/support/documentation/d-g-i-series-sw-6-03-xx/
empty-page,,,https://supportdocs.extremenetworks.com/support/documentation/d-g-i-series-sw-6-61-xx/
empty-page,,,https://supportdocs.extremenetworks.com/support/documentation/device-self-registration/
empty-page,,,https://supportdocs.extremenetworks.com/support/documentation/ers-4500-series-5-5-2/
empty-page,,,https://supportdocs.extremenetworks.com/support/documentation/ers-4500-series-5-6-4/
empty-page,,,https://supportdocs.extremenetworks.com/support/documentation/firewall-how-to/
empty-page,,,https://supportdocs.extremenetworks.com/support/documentation/khap-800/
empty-page,,,https://supportdocs.extremenetworks.com/support/documentation/khusb601/
empty-page,,,https://supportdocs.extremenetworks.com/support/documentation/locationing-api-rssi-sensor-feed/
empty-page,,,https://supportdocs.extremenetworks.com/support/documentation/other-routing-switching-hardware/
empty-page,,,https://supportdocs.extremenetworks.com/support/documentation/other-routing-switching-software/
empty-page,,,https://supportdocs.extremenetworks.com/support/documentation/product-name/
empty-page,,,https://supportdocs.extremenetworks.com/support/documentation/role-based-firewall/
empty-page,,,https://supportdocs.extremenetworks.com/support/documentation/third-party-captive-portals/
orphan-page,"in sitemap, not reachable from index or dropdowns",,https://supportdocs.extremenetworks.com/support/documentation/
orphan-page,"in sitemap, not reachable from index or dropdowns",,https://supportdocs.extremenetworks.com/support/documentation/1-0/
orphan-page,"in sitemap, not reachable from index or dropdowns",,https://supportdocs.extremenetworks.com/support/documentation/1-1-0/
orphan-page,"in sitemap, not reachable from index or dropdowns",,https://supportdocs.extremenetworks.com/support/documentation/17r-2-03/
orphan-page,"in sitemap, not reachable from index or dropdowns",,https://supportdocs.extremenetworks.com/support/documentation/18s-1-03/
orphan-page,"in sitemap, not reachable from index or dropdowns",,https://supportdocs.extremenetworks.com/support/documentation/200-series-software/
orphan-page,"in sitemap, not reachable from index or dropdowns",,https://supportdocs.extremenetworks.com/support/documentation/5-1-1-3/
orphan-page,"in sitemap, not reachable from index or dropdowns",,https://supportdocs.extremenetworks.com/support/documentation/6-1-3-0-2/
orphan-page,"in sitemap, not reachable from index or dropdowns",,https://supportdocs.extremenetworks.com/support/documentation/6-1-3-1-2/
orphan-page,"in sitemap, not reachable from index or dropdowns",,https://supportdocs.extremenetworks.com/support/documentation/6-1-3-2-2/
orphan-page,"in sitemap, not reachable from index or dropdowns",,https://supportdocs.extremenetworks.com/support/documentation/6-1-4-0-2/
orphan-page,"in sitemap, not reachable from index or dropdowns",,https://supportdocs.extremenetworks.com/support/documentation/access-points-ap3825i-e/
orphan-page,"in sitemap, not reachable from index or dropdowns",,https://supportdocs.extremenetworks.com/support/documentation/access-points-ap6522/
orphan-page,"in sitemap, not reachable from index or dropdowns",,https://supportdocs.extremenetworks.com/support/documentation/active-directory-authentication/
orphan-page,"in sitemap, not reachable from index or dropdowns",,https://supportdocs.extremenetworks.com/support/documentation/air-defense-services-platform-appliance/
orphan-page,"in sitemap, not reachable from index or dropdowns",,https://supportdocs.extremenetworks.com/support/documentation/air-defense-services-platform-mobile-2/
orphan-page,"in sitemap, not reachable from index or dropdowns",,https://supportdocs.extremenetworks.com/support/documentation/ap3912-1-0/
orphan-page,"in sitemap, not reachable from index or dropdowns",,https://supportdocs.extremenetworks.com/support/documentation/ap6522e/
orphan-page,"in sitemap, not reachable from index or dropdowns",,https://supportdocs.extremenetworks.com/support/documentation/ap6562/
orphan-page,"in sitemap, not reachable from index or dropdowns",,https://supportdocs.extremenetworks.com/support/documentation/ap6562e/
orphan-page,"in sitemap, not reachable from index or dropdowns",,https://supportdocs.extremenetworks.com/support/documentation/ap8132/
orphan-page,"in sitemap, not reachable from index or dropdowns",,https://supportdocs.extremenetworks.com/support/documentation/auto-provisioning/
orphan-page,"in sitemap, not reachable from index or dropdowns",,https://supportdocs.extremenetworks.com/support/documentation/benefits-of-wing-application-visibility-control-avc/
orphan-page,"in sitemap, not reachable from index or dropdowns",,https://supportdocs.extremenetworks.com/support/documentation/centralized-deployments/
orphan-page,"in sitemap, not reachable from index or dropdowns",,https://supportdocs.extremenetworks.com/support/documentation/configuration-orchestration-manager-2-2/
orphan-page,"in sitemap, not reachable from index or dropdowns",,https://supportdocs.extremenetworks.com/support/documentation/d-g-i-series-sw-6-03-xx/
orphan-page,"in sitemap, not reachable from index or dropdowns",,https://supportdocs.extremenetworks.com/support/documentation/d-g-i-series-switches-6-03-01/
orphan-page,"in sitemap, not reachable from index or dropdowns",,https://supportdocs.extremenetworks.com/support/documentation/d-g-i-series-switches-6-03-02/
orphan-page,"in sitemap, not reachable from index or dropdowns",,https://supportdocs.extremenetworks.com/support/documentation/d-g-i-series-switches-6-03-03/
orphan-page,"in sitemap, not reachable from index or dropdowns",,https://supportdocs.extremenetworks.com/support/documentation/d-g-i-series-switches-6-03-04/
orphan-page,"in sitemap, not reachable from index or dropdowns",,https://supportdocs.extremenetworks.com/support/documentation/d-g-i-series-switches-6-03-05/
orphan-page,"in sitemap, not reachable from index or dropdowns",,https://supportdocs.extremenetworks.com/support/documentation/d-g-i-series-switches-6-03-08/
orphan-page,"in sitemap, not reachable from index or dropdowns",,https://supportdocs.extremenetworks.com/support/documentation/d-g-i-series-switches-6-03-09/
orphan-page,"in sitemap, not reachable from index or dropdowns",,https://supportdocs.extremenetworks.com/support/documentation/d-g-i-series-switches-6-03-10/
orphan-page,"in sitemap, not reachable from index or dropdowns",,https://supportdocs.extremenetworks.com/support/documentation/d-g-i-series-switches-6-03-11/
orphan-page,"in sitemap, not reachable from index or dropdowns",,https://supportdocs.extremenetworks.com/support/documentation/d-g-i-series-switches-6-03-12/
orphan-page,"in sitemap, not reachable from index or dropdowns",,https://supportdocs.extremenetworks.com/support/documentation/d-g-i-series-switches-6-03-14/
orphan-page,"in sitemap, not reachable from index or dropdowns",,https://supportdocs.extremenetworks.com/support/documentation/d-g-i-series-switches-6-03-15/
orphan-page,"in sitemap, not reachable from index or dropdowns",,https://supportdocs.extremenetworks.com/support/documentation/d-g-i-series-switches-6-03-16/
orphan-page,"in sitemap, not reachable from index or dropdowns",,https://supportdocs.extremenetworks.com/support/documentation/d-g-i-series-switches-6-42-11/
orphan-page,"in sitemap, not reachable from index or dropdowns",,https://supportdocs.extremenetworks.com/support/documentation/d-g-i-series-switches-6-61-02/
orphan-page,"in sitemap, not reachable from index or dropdowns",,https://supportdocs.extremenetworks.com/support/documentation/d-g-i-series-switches-6-61-03/
orphan-page,"in sitemap, not reachable from index or dropdowns",,https://supportdocs.extremenetworks.com/support/documentation/d-g-i-series-switches-6-61-05/
orphan-page,"in sitemap, not reachable from index or dropdowns",,https://supportdocs.extremenetworks.com/support/documentation/d-g-i-series-switches-6-61-06/
orphan-page,"in sitemap, not reachable from index or dropdowns",,https://supportdocs.extremenetworks.com/support/documentation/d-g-i-series-switches-6-61-07/
orphan-page,"in sitemap, not reachable from index or dropdowns",,https://supportdocs.extremenetworks.com/support/documentation/d-g-i-series-switches-6-61-08/
orphan-page,"in sitemap, not reachable from index or dropdowns",,https://supportdocs.extremenetworks.com/support/documentation/d-g-i-series-switches-6-61-09/
orphan-page,"in sitemap, not reachable from index or dropdowns",,https://supportdocs.extremenetworks.com/support/documentation/d-g-i-series-switches-6-61-10/
orphan-page,"in sitemap, not reachable from index or dropdowns",,https://supportdocs.extremenetworks.com/support/documentation/d-g-i-series-switches-6-61-11/
orphan-page,"in sitemap, not reachable from index or dropdowns",,https://supportdocs.extremenetworks.com/support/documentation/d-g-i-series-switches-6-61-12/
orphan-page,"in sitemap, not reachable from index or dropdowns",,https://supportdocs.extremenetworks.com/support/documentation/d-g-i-series-switches-6-61-13/
orphan-page,"in sitemap, not reachable from index or dropdowns",,https://supportdocs.extremenetworks.com/support/documentation/d-g-i-series-switches-6-61-14/
orphan-page,"in sitemap, not reachable from index or dropdowns",,https://supportdocs.extremenetworks.com/support/documentation/d-g-i-series-switches-6-61-15/
orphan-page,"in sitemap, not reachable from index or dropdowns",,https://supportdocs.extremenetworks.com/support/documentation/d-g-i-series-switches-6-61-16/
orphan-page,"in sitemap, not reachable from index or dropdowns",,https://supportdocs.extremenetworks.com/support/documentation/device-self-registration/
orphan-page,"in sitemap, not reachable from index or dropdowns",,https://supportdocs.extremenetworks.com/support/documentation/eos-software/
orphan-page,"in sitemap, not reachable from index or dropdowns",,https://supportdocs.extremenetworks.com/support/documentation/ers-3510-series-4-0-4/
orphan-page,"in sitemap, not reachable from index or dropdowns",,https://supportdocs.extremenetworks.com/support/documentation/ers-3510-series-4-0-5/
orphan-page,"in sitemap, not reachable from index or dropdowns",,https://supportdocs.extremenetworks.com/support/documentation/ers-3600-series-hardware-6-0-x/
orphan-page,"in sitemap, not reachable from index or dropdowns",,https://supportdocs.extremenetworks.com/support/documentation/ers-3600-series-hardware-6-1-x/
orphan-page,"in sitemap, not reachable from index or dropdowns",,https://supportdocs.extremenetworks.com/support/documentation/ers-3600-series-hardware-6-2-x/
orphan-page,"in sitemap, not reachable from index or dropdowns",,https://supportdocs.extremenetworks.com/support/documentation/ers-4000-series-5-6-1/
orphan-page,"in sitemap, not reachable from index or dropdowns",,https://supportdocs.extremenetworks.com/support/documentation/ers-4000-series-5-6-2/
orphan-page,"in sitemap, not reachable from index or dropdowns",,https://supportdocs.extremenetworks.com/support/documentation/ers-4000-series-5-6-3/
orphan-page,"in sitemap, not reachable from index or dropdowns",,https://supportdocs.extremenetworks.com/support/documentation/ers-4000-series-5-6-5/
orphan-page,"in sitemap, not reachable from index or dropdowns",,https://supportdocs.extremenetworks.com/support/documentation/ers-4000-series-5-6-6/
orphan-page,"in sitemap, not reachable from index or dropdowns",,https://supportdocs.extremenetworks.com/support/documentation/ers-4000-series-5-7-1/
orphan-page,"in sitemap, not reachable from index or dropdowns",,https://supportdocs.extremenetworks.com/support/documentation/ers-4500-series-5-5-2/
orphan-page,"in sitemap, not reachable from index or dropdowns",,https://supportdocs.extremenetworks.com/support/documentation/ers-4500-series-5-6-4/
orphan-page,"in sitemap, not reachable from index or dropdowns",,https://supportdocs.extremenetworks.com/support/documentation/ers-4800-series-5-7-2/
orphan-page,"in sitemap, not reachable from index or dropdowns",,https://supportdocs.extremenetworks.com/support/documentation/extreme-agent-one-previous-documentation/
orphan-page,"in sitemap, not reachable from index or dropdowns",,https://supportdocs.extremenetworks.com/support/documentation/extreme-airdefense-essentials-v23r3-current/
orphan-page,"in sitemap, not reachable from index or dropdowns",,https://supportdocs.extremenetworks.com/support/documentation/extreme-airdefense-essentials-v24r3/
orphan-page,"in sitemap, not reachable from index or dropdowns",,https://supportdocs.extremenetworks.com/support/documentation/extreme-airdefense-essentials-v25-1-0/
orphan-page,"in sitemap, not reachable from index or dropdowns",,https://supportdocs.extremenetworks.com/support/documentation/extreme-airdefense-essentials-v25-3-0/
orphan-page,"in sitemap, not reachable from index or dropdowns",,https://supportdocs.extremenetworks.com/support/documentation/extreme-airdefense-essentials-v25-4-0/
orphan-page,"in sitemap, not reachable from index or dropdowns",,https://supportdocs.extremenetworks.com/support/documentation/extreme-campus-controller-release-notes/
orphan-page,"in sitemap, not reachable from index or dropdowns",,https://supportdocs.extremenetworks.com/support/documentation/extreme-exchange-previous-documentation/
orphan-page,"in sitemap, not reachable from index or dropdowns",,https://supportdocs.extremenetworks.com/support/documentation/extreme-retail-select-deployment-guides/
orphan-page,"in sitemap, not reachable from index or dropdowns",,https://supportdocs.extremenetworks.com/support/documentation/extreme-visibility-manager-6-0-0/
orphan-page,"in sitemap, not reachable from index or dropdowns",,https://supportdocs.extremenetworks.com/support/documentation/extreme-visibility-manager-6-1-0/
orphan-page,"in sitemap, not reachable from index or dropdowns",,https://supportdocs.extremenetworks.com/support/documentation/extreme-visibility-manager-6-1-1/
orphan-page,"in sitemap, not reachable from index or dropdowns",,https://supportdocs.extremenetworks.com/support/documentation/extreme-visibility-manager-6-1-2/
orphan-page,"in sitemap, not reachable from index or dropdowns",,https://supportdocs.extremenetworks.com/support/documentation/extremeai/
orphan-page,"in sitemap, not reachable from index or dropdowns",,https://supportdocs.extremenetworks.com/support/documentation/extremecloud-appliance-2/
orphan-page,"in sitemap, not reachable from index or dropdowns",,https://supportdocs.extremenetworks.com/support/documentation/extremecloud-business-insights-for-venues-previous-documentation/
orphan-page,"in sitemap, not reachable from index or dropdowns",,https://supportdocs.extremenetworks.com/support/documentation/extremecloud-edge-previous-documentation/
orphan-page,"in sitemap, not reachable from index or dropdowns",,https://supportdocs.extremenetworks.com/support/documentation/extremecloud-sd-wan-os-one-previous-documentation/
orphan-page,"in sitemap, not reachable from index or dropdowns",,https://supportdocs.extremenetworks.com/support/documentation/extremeguest-essentials-v24r1/
orphan-page,"in sitemap, not reachable from index or dropdowns",,https://supportdocs.extremenetworks.com/support/documentation/extremeguest-essentials-v25-2/
orphan-page,"in sitemap, not reachable from index or dropdowns",,https://supportdocs.extremenetworks.com/support/documentation/extremeguest-essentials-v25-3/
orphan-page,"in sitemap, not reachable from index or dropdowns",,https://supportdocs.extremenetworks.com/support/documentation/extremeguest-essentials-v25-4/
orphan-page,"in sitemap, not reachable from index or dropdowns",,https://supportdocs.extremenetworks.com/support/documentation/extremelocation-2-1/
orphan-page,"in sitemap, not reachable from index or dropdowns",,https://supportdocs.extremenetworks.com/support/documentation/extremewireless-wing-software-7-6-0/
orphan-page,"in sitemap, not reachable from index or dropdowns",,https://supportdocs.extremenetworks.com/support/documentation/extremewireless-wing-software-7-7-1-6/
orphan-page,"in sitemap, not reachable from index or dropdowns",,https://supportdocs.extremenetworks.com/support/documentation/extremewireless-wing-software-7-7-1-7/
orphan-page,"in sitemap, not reachable from index or dropdowns",,https://supportdocs.extremenetworks.com/support/documentation/extremewireless-wing-software-7-7-1-8/
orphan-page,"in sitemap, not reachable from index or dropdowns",,https://supportdocs.extremenetworks.com/support/documentation/extremexos-1-1-0-15/
orphan-page,"in sitemap, not reachable from index or dropdowns",,https://supportdocs.extremenetworks.com/support/documentation/extremexos-1-1-0-3/
orphan-page,"in sitemap, not reachable from index or dropdowns",,https://supportdocs.extremenetworks.com/support/documentation/extremexos-2-0-0-1/
orphan-page,"in sitemap, not reachable from index or dropdowns",,https://supportdocs.extremenetworks.com/support/documentation/extremexos-2-1-0-3/
orphan-page,"in sitemap, not reachable from index or dropdowns",,https://supportdocs.extremenetworks.com/support/documentation/firewall-how-to/
orphan-page,"in sitemap, not reachable from index or dropdowns",,https://supportdocs.extremenetworks.com/support/documentation/identity-engine-software-9-3-2/
orphan-page,"in sitemap, not reachable from index or dropdowns",,https://supportdocs.extremenetworks.com/support/documentation/identity-engines-software-9-0-0/
orphan-page,"in sitemap, not reachable from index or dropdowns",,https://supportdocs.extremenetworks.com/support/documentation/identity-engines-software-9-0-1/
orphan-page,"in sitemap, not reachable from index or dropdowns",,https://supportdocs.extremenetworks.com/support/documentation/identity-engines-software-9-1-0/
orphan-page,"in sitemap, not reachable from index or dropdowns",,https://supportdocs.extremenetworks.com/support/documentation/identity-engines-software-9-1-1/
orphan-page,"in sitemap, not reachable from index or dropdowns",,https://supportdocs.extremenetworks.com/support/documentation/identity-engines-software-9-2-0/
orphan-page,"in sitemap, not reachable from index or dropdowns",,https://supportdocs.extremenetworks.com/support/documentation/identity-engines-software-9-2-1/
orphan-page,"in sitemap, not reachable from index or dropdowns",,https://supportdocs.extremenetworks.com/support/documentation/identity-engines-software-9-2-3/
orphan-page,"in sitemap, not reachable from index or dropdowns",,https://supportdocs.extremenetworks.com/support/documentation/identity-engines-software-9-3-0/
orphan-page,"in sitemap, not reachable from index or dropdowns",,https://supportdocs.extremenetworks.com/support/documentation/industrial-series-switches-12-port-1-0/
orphan-page,"in sitemap, not reachable from index or dropdowns",,https://supportdocs.extremenetworks.com/support/documentation/industrial-series-switches-12-port-1-01/
orphan-page,"in sitemap, not reachable from index or dropdowns",,https://supportdocs.extremenetworks.com/support/documentation/industrial-series-switches-8-port-1-01/
orphan-page,"in sitemap, not reachable from index or dropdowns",,https://supportdocs.extremenetworks.com/support/documentation/insite-api/
orphan-page,"in sitemap, not reachable from index or dropdowns",,https://supportdocs.extremenetworks.com/support/documentation/ips-8-0/
orphan-page,"in sitemap, not reachable from index or dropdowns",,https://supportdocs.extremenetworks.com/support/documentation/ips-8-1/
orphan-page,"in sitemap, not reachable from index or dropdowns",,https://supportdocs.extremenetworks.com/support/documentation/ips-8-2/
orphan-page,"in sitemap, not reachable from index or dropdowns",,https://supportdocs.extremenetworks.com/support/documentation/ips-8-3/
orphan-page,"in sitemap, not reachable from index or dropdowns",,https://supportdocs.extremenetworks.com/support/documentation/iq-engine-10-2/
orphan-page,"in sitemap, not reachable from index or dropdowns",,https://supportdocs.extremenetworks.com/support/documentation/iq-engine-10-3/
orphan-page,"in sitemap, not reachable from index or dropdowns",,https://supportdocs.extremenetworks.com/support/documentation/isw-series-industrial-switches-software-3/
orphan-page,"in sitemap, not reachable from index or dropdowns",,https://supportdocs.extremenetworks.com/support/documentation/isw-series-industrial-switches-software/
orphan-page,"in sitemap, not reachable from index or dropdowns",,https://supportdocs.extremenetworks.com/support/documentation/khap-800/
orphan-page,"in sitemap, not reachable from index or dropdowns",,https://supportdocs.extremenetworks.com/support/documentation/khusb601/
orphan-page,"in sitemap, not reachable from index or dropdowns",,https://supportdocs.extremenetworks.com/support/documentation/locationing-api-rssi-sensor-feed/
orphan-page,"in sitemap, not reachable from index or dropdowns",,https://supportdocs.extremenetworks.com/support/documentation/machine-to-machine-interface/
orphan-page,"in sitemap, not reachable from index or dropdowns",,https://supportdocs.extremenetworks.com/support/documentation/netiron-7-1-0/
orphan-page,"in sitemap, not reachable from index or dropdowns",,https://supportdocs.extremenetworks.com/support/documentation/netiron-software-6-3-00d/
orphan-page,"in sitemap, not reachable from index or dropdowns",,https://supportdocs.extremenetworks.com/support/documentation/netiron-software-6-3-00g/
orphan-page,"in sitemap, not reachable from index or dropdowns",,https://supportdocs.extremenetworks.com/support/documentation/netiron-software/
orphan-page,"in sitemap, not reachable from index or dropdowns",,https://supportdocs.extremenetworks.com/support/documentation/network-os-7-0-2/
orphan-page,"in sitemap, not reachable from index or dropdowns",,https://supportdocs.extremenetworks.com/support/documentation/network-os-software-7-4-1a/
orphan-page,"in sitemap, not reachable from index or dropdowns",,https://supportdocs.extremenetworks.com/support/documentation/nos-7-1-0a/
orphan-page,"in sitemap, not reachable from index or dropdowns",,https://supportdocs.extremenetworks.com/support/documentation/nx5500e/
orphan-page,"in sitemap, not reachable from index or dropdowns",,https://supportdocs.extremenetworks.com/support/documentation/packet-broker-software-2-6/
orphan-page,"in sitemap, not reachable from index or dropdowns",,https://supportdocs.extremenetworks.com/support/documentation/packet-broker-software-2-7/
orphan-page,"in sitemap, not reachable from index or dropdowns",,https://supportdocs.extremenetworks.com/support/documentation/pluggable-hardware-5-1-1/
orphan-page,"in sitemap, not reachable from index or dropdowns",,https://supportdocs.extremenetworks.com/support/documentation/pluggable-hardware-5-3/
orphan-page,"in sitemap, not reachable from index or dropdowns",,https://supportdocs.extremenetworks.com/support/documentation/pluggable-hardware-5-9/
orphan-page,"in sitemap, not reachable from index or dropdowns",,https://supportdocs.extremenetworks.com/support/documentation/pluggable-hardware-5/
orphan-page,"in sitemap, not reachable from index or dropdowns",,https://supportdocs.extremenetworks.com/support/documentation/pluggable-hardware-6-0-1/
orphan-page,"in sitemap, not reachable from index or dropdowns",,https://supportdocs.extremenetworks.com/support/documentation/pluggable-hardware-6-2/
orphan-page,"in sitemap, not reachable from index or dropdowns",,https://supportdocs.extremenetworks.com/support/documentation/pluggable-hardware-7-5/
orphan-page,"in sitemap, not reachable from index or dropdowns",,https://supportdocs.extremenetworks.com/support/documentation/product-name/
orphan-page,"in sitemap, not reachable from index or dropdowns",,https://supportdocs.extremenetworks.com/support/documentation/related-documents/
orphan-page,"in sitemap, not reachable from index or dropdowns",,https://supportdocs.extremenetworks.com/support/documentation/ridgeline-3-0-0/
orphan-page,"in sitemap, not reachable from index or dropdowns",,https://supportdocs.extremenetworks.com/support/documentation/ridgeline-3-1-0/
orphan-page,"in sitemap, not reachable from index or dropdowns",,https://supportdocs.extremenetworks.com/support/documentation/ridgeline-3-1-sp3/
orphan-page,"in sitemap, not reachable from index or dropdowns",,https://supportdocs.extremenetworks.com/support/documentation/ridgeline-4-0-0/
orphan-page,"in sitemap, not reachable from index or dropdowns",,https://supportdocs.extremenetworks.com/support/documentation/ridgeline-4-0-rest-api/
orphan-page,"in sitemap, not reachable from index or dropdowns",,https://supportdocs.extremenetworks.com/support/documentation/ridgeline-4-0-sp2/
orphan-page,"in sitemap, not reachable from index or dropdowns",,https://supportdocs.extremenetworks.com/support/documentation/ridgeline-4-0/
orphan-page,"in sitemap, not reachable from index or dropdowns",,https://supportdocs.extremenetworks.com/support/documentation/ridgeline-service-advisor/
orphan-page,"in sitemap, not reachable from index or dropdowns",,https://supportdocs.extremenetworks.com/support/documentation/roamabout-access-points/
orphan-page,"in sitemap, not reachable from index or dropdowns",,https://supportdocs.extremenetworks.com/support/documentation/roamabout-switches/
orphan-page,"in sitemap, not reachable from index or dropdowns",,https://supportdocs.extremenetworks.com/support/documentation/role-based-firewall/
orphan-page,"in sitemap, not reachable from index or dropdowns",,https://supportdocs.extremenetworks.com/support/documentation/service-advisor-sp1/
orphan-page,"in sitemap, not reachable from index or dropdowns",,https://supportdocs.extremenetworks.com/support/documentation/slx-os-20-2-2/
orphan-page,"in sitemap, not reachable from index or dropdowns",,https://supportdocs.extremenetworks.com/support/documentation/slx-os-tpvm-4-5-10/
orphan-page,"in sitemap, not reachable from index or dropdowns",,https://supportdocs.extremenetworks.com/support/documentation/slx-os-tpvm-4-5-11/
orphan-page,"in sitemap, not reachable from index or dropdowns",,https://supportdocs.extremenetworks.com/support/documentation/slx-os-tpvm-4-5-12/
orphan-page,"in sitemap, not reachable from index or dropdowns",,https://supportdocs.extremenetworks.com/support/documentation/slx-os-tpvm-4-5-13-2/
orphan-page,"in sitemap, not reachable from index or dropdowns",,https://supportdocs.extremenetworks.com/support/documentation/slx-os-tpvm-4-5-14/
orphan-page,"in sitemap, not reachable from index or dropdowns",,https://supportdocs.extremenetworks.com/support/documentation/slx-os-tpvm-4-5-4/
orphan-page,"in sitemap, not reachable from index or dropdowns",,https://supportdocs.extremenetworks.com/support/documentation/slx-os-tpvm-4-5-5/
orphan-page,"in sitemap, not reachable from index or dropdowns",,https://supportdocs.extremenetworks.com/support/documentation/slx-os-tpvm-4-5-6/
orphan-page,"in sitemap, not reachable from index or dropdowns",,https://supportdocs.extremenetworks.com/support/documentation/slx-os-tpvm-4-5-7/
orphan-page,"in sitemap, not reachable from index or dropdowns",,https://supportdocs.extremenetworks.com/support/documentation/slx-os-tpvm-4-5-8/
orphan-page,"in sitemap, not reachable from index or dropdowns",,https://supportdocs.extremenetworks.com/support/documentation/slx-os-tpvm-4-5-9/
orphan-page,"in sitemap, not reachable from index or dropdowns",,https://supportdocs.extremenetworks.com/support/documentation/slx-os-tpvm-4-6-0/
orphan-page,"in sitemap, not reachable from index or dropdowns",,https://supportdocs.extremenetworks.com/support/documentation/slx-os-tpvm-4-6-1/
orphan-page,"in sitemap, not reachable from index or dropdowns",,https://supportdocs.extremenetworks.com/support/documentation/slx-os-tpvm-4-6-10/
orphan-page,"in sitemap, not reachable from index or dropdowns",,https://supportdocs.extremenetworks.com/support/documentation/slx-os-tpvm-4-6-11/
orphan-page,"in sitemap, not reachable from index or dropdowns",,https://supportdocs.extremenetworks.com/support/documentation/slx-os-tpvm-4-6-12/
orphan-page,"in sitemap, not reachable from index or dropdowns",,https://supportdocs.extremenetworks.com/support/documentation/slx-os-tpvm-4-6-13/
orphan-page,"in sitemap, not reachable from index or dropdowns",,https://supportdocs.extremenetworks.com/support/documentation/slx-os-tpvm-4-6-14/
orphan-page,"in sitemap, not reachable from index or dropdowns",,https://supportdocs.extremenetworks.com/support/documentation/slx-os-tpvm-4-6-15/
orphan-page,"in sitemap, not reachable from index or dropdowns",,https://supportdocs.extremenetworks.com/support/documentation/slx-os-tpvm-4-6-16/
orphan-page,"in sitemap, not reachable from index or dropdowns",,https://supportdocs.extremenetworks.com/support/documentation/slx-os-tpvm-4-6-17/
orphan-page,"in sitemap, not reachable from index or dropdowns",,https://supportdocs.extremenetworks.com/support/documentation/slx-os-tpvm-4-6-18/
orphan-page,"in sitemap, not reachable from index or dropdowns",,https://supportdocs.extremenetworks.com/support/documentation/slx-os-tpvm-4-6-19/
orphan-page,"in sitemap, not reachable from index or dropdowns",,https://supportdocs.extremenetworks.com/support/documentation/slx-os-tpvm-4-6-2/
orphan-page,"in sitemap, not reachable from index or dropdowns",,https://supportdocs.extremenetworks.com/support/documentation/slx-os-tpvm-4-6-20/
orphan-page,"in sitemap, not reachable from index or dropdowns",,https://supportdocs.extremenetworks.com/support/documentation/slx-os-tpvm-4-6-21/
orphan-page,"in sitemap, not reachable from index or dropdowns",,https://supportdocs.extremenetworks.com/support/documentation/slx-os-tpvm-4-6-22/
orphan-page,"in sitemap, not reachable from index or dropdowns",,https://supportdocs.extremenetworks.com/support/documentation/slx-os-tpvm-4-6-23/
orphan-page,"in sitemap, not reachable from index or dropdowns",,https://supportdocs.extremenetworks.com/support/documentation/slx-os-tpvm-4-6-24/
orphan-page,"in sitemap, not reachable from index or dropdowns",,https://supportdocs.extremenetworks.com/support/documentation/slx-os-tpvm-4-6-25/
orphan-page,"in sitemap, not reachable from index or dropdowns",,https://supportdocs.extremenetworks.com/support/documentation/slx-os-tpvm-4-6-3/
orphan-page,"in sitemap, not reachable from index or dropdowns",,https://supportdocs.extremenetworks.com/support/documentation/slx-os-tpvm-4-6-4/
orphan-page,"in sitemap, not reachable from index or dropdowns",,https://supportdocs.extremenetworks.com/support/documentation/slx-os-tpvm-4-6-5/
orphan-page,"in sitemap, not reachable from index or dropdowns",,https://supportdocs.extremenetworks.com/support/documentation/slx-os-tpvm-4-6-6/
orphan-page,"in sitemap, not reachable from index or dropdowns",,https://supportdocs.extremenetworks.com/support/documentation/slx-os-tpvm-4-6-7/
orphan-page,"in sitemap, not reachable from index or dropdowns",,https://supportdocs.extremenetworks.com/support/documentation/slx-os-tpvm-4-6-8/
orphan-page,"in sitemap, not reachable from index or dropdowns",,https://supportdocs.extremenetworks.com/support/documentation/slx-os-tpvm-4-6-9/
orphan-page,"in sitemap, not reachable from index or dropdowns",,https://supportdocs.extremenetworks.com/support/documentation/slx-os-tpvm-4-7-0-2/
orphan-page,"in sitemap, not reachable from index or dropdowns",,https://supportdocs.extremenetworks.com/support/documentation/slx-os-tpvm-4-7-0/
orphan-page,"in sitemap, not reachable from index or dropdowns",,https://supportdocs.extremenetworks.com/support/documentation/slx-os-tpvm-4-7-10/
orphan-page,"in sitemap, not reachable from index or dropdowns",,https://supportdocs.extremenetworks.com/support/documentation/slx-os-tpvm-4-7-11/
orphan-page,"in sitemap, not reachable from index or dropdowns",,https://supportdocs.extremenetworks.com/support/documentation/slx-os-tpvm-4-7-12/
orphan-page,"in sitemap, not reachable from index or dropdowns",,https://supportdocs.extremenetworks.com/support/documentation/slx-os-tpvm-4-7-13/
orphan-page,"in sitemap, not reachable from index or dropdowns",,https://supportdocs.extremenetworks.com/support/documentation/slx-os-tpvm-4-7-14/
orphan-page,"in sitemap, not reachable from index or dropdowns",,https://supportdocs.extremenetworks.com/support/documentation/slx-os-tpvm-4-7-15/
orphan-page,"in sitemap, not reachable from index or dropdowns",,https://supportdocs.extremenetworks.com/support/documentation/slx-os-tpvm-4-7-16/
orphan-page,"in sitemap, not reachable from index or dropdowns",,https://supportdocs.extremenetworks.com/support/documentation/slx-os-tpvm-4-7-17/
orphan-page,"in sitemap, not reachable from index or dropdowns",,https://supportdocs.extremenetworks.com/support/documentation/slx-os-tpvm-4-7-18/
orphan-page,"in sitemap, not reachable from index or dropdowns",,https://supportdocs.extremenetworks.com/support/documentation/slx-os-tpvm-4-7-19/
orphan-page,"in sitemap, not reachable from index or dropdowns",,https://supportdocs.extremenetworks.com/support/documentation/slx-os-tpvm-4-7-2/
orphan-page,"in sitemap, not reachable from index or dropdowns",,https://supportdocs.extremenetworks.com/support/documentation/slx-os-tpvm-4-7-20/
orphan-page,"in sitemap, not reachable from index or dropdowns",,https://supportdocs.extremenetworks.com/support/documentation/slx-os-tpvm-4-7-3/
orphan-page,"in sitemap, not reachable from index or dropdowns",,https://supportdocs.extremenetworks.com/support/documentation/slx-os-tpvm-4-7-4/
orphan-page,"in sitemap, not reachable from index or dropdowns",,https://supportdocs.extremenetworks.com/support/documentation/slx-os-tpvm-4-7-5/
orphan-page,"in sitemap, not reachable from index or dropdowns",,https://supportdocs.extremenetworks.com/support/documentation/slx-os-tpvm-4-7-6/
orphan-page,"in sitemap, not reachable from index or dropdowns",,https://supportdocs.extremenetworks.com/support/documentation/slx-os-tpvm-4-7-7/
orphan-page,"in sitemap, not reachable from index or dropdowns",,https://supportdocs.extremenetworks.com/support/documentation/slx-os-tpvm-4-7-8/
orphan-page,"in sitemap, not reachable from index or dropdowns",,https://supportdocs.extremenetworks.com/support/documentation/slx-os-tpvm-4-7-9/
orphan-page,"in sitemap, not reachable from index or dropdowns",,https://supportdocs.extremenetworks.com/support/documentation/slx-x-series-software/
orphan-page,"in sitemap, not reachable from index or dropdowns",,https://supportdocs.extremenetworks.com/support/documentation/surge-1-0-1-0/
orphan-page,"in sitemap, not reachable from index or dropdowns",,https://supportdocs.extremenetworks.com/support/documentation/surge-1/
orphan-page,"in sitemap, not reachable from index or dropdowns",,https://supportdocs.extremenetworks.com/support/documentation/surge-2-0-0-0/
orphan-page,"in sitemap, not reachable from index or dropdowns",,https://supportdocs.extremenetworks.com/support/documentation/surge-2-0-1-0/
orphan-page,"in sitemap, not reachable from index or dropdowns",,https://supportdocs.extremenetworks.com/support/documentation/surge-2-0-1-2/
orphan-page,"in sitemap, not reachable from index or dropdowns",,https://supportdocs.extremenetworks.com/support/documentation/surge-2/
orphan-page,"in sitemap, not reachable from index or dropdowns",,https://supportdocs.extremenetworks.com/support/documentation/surge-3-0-0-0/
orphan-page,"in sitemap, not reachable from index or dropdowns",,https://supportdocs.extremenetworks.com/support/documentation/surge-3-0-1-0/
orphan-page,"in sitemap, not reachable from index or dropdowns",,https://supportdocs.extremenetworks.com/support/documentation/surge-3/
orphan-page,"in sitemap, not reachable from index or dropdowns",,https://supportdocs.extremenetworks.com/support/documentation/third-party-captive-portals/
orphan-page,"in sitemap, not reachable from index or dropdowns",,https://supportdocs.extremenetworks.com/support/documentation/tpvm-4-5-3/
orphan-page,"in sitemap, not reachable from index or dropdowns",,https://supportdocs.extremenetworks.com/support/documentation/version-6-62-test/
orphan-page,"in sitemap, not reachable from index or dropdowns",,https://supportdocs.extremenetworks.com/support/documentation/virtualization-performance-management-1/
orphan-page,"in sitemap, not reachable from index or dropdowns",,https://supportdocs.extremenetworks.com/support/documentation/virtualization-performance-management-2-0-0-1/
orphan-page,"in sitemap, not reachable from index or dropdowns",,https://supportdocs.extremenetworks.com/support/documentation/virtualization-performance-management-2-0-0-2/
orphan-page,"in sitemap, not reachable from index or dropdowns",,https://supportdocs.extremenetworks.com/support/documentation/virtualization-performance-management-2-0-0-3/
orphan-page,"in sitemap, not reachable from index or dropdowns",,https://supportdocs.extremenetworks.com/support/documentation/virtualization-performance-management-2-0-0-4/
orphan-page,"in sitemap, not reachable from index or dropdowns",,https://supportdocs.extremenetworks.com/support/documentation/virtualization-performance-management-2-1/
orphan-page,"in sitemap, not reachable from index or dropdowns",,https://supportdocs.extremenetworks.com/support/documentation/virtualization-performance-management-2-2-0-1/
orphan-page,"in sitemap, not reachable from index or dropdowns",,https://supportdocs.extremenetworks.com/support/documentation/virtualization-performance-management-2-2/
orphan-page,"in sitemap, not reachable from index or dropdowns",,https://supportdocs.extremenetworks.com/support/documentation/virtualization-performance-management-2-3/
orphan-page,"in sitemap, not reachable from index or dropdowns",,https://supportdocs.extremenetworks.com/support/documentation/virtualization-performance-management-2/
orphan-page,"in sitemap, not reachable from index or dropdowns",,https://supportdocs.extremenetworks.com/support/documentation/virtualization-performance-management-3-0-1/
orphan-page,"in sitemap, not reachable from index or dropdowns",,https://supportdocs.extremenetworks.com/support/documentation/virtualization-performance-management-3-0-2/
orphan-page,"in sitemap, not reachable from index or dropdowns",,https://supportdocs.extremenetworks.com/support/documentation/virtualization-performance-management-3-0-3-3/
orphan-page,"in sitemap, not reachable from index or dropdowns",,https://supportdocs.extremenetworks.com/support/documentation/virtualization-performance-management-3-0-3/
orphan-page,"in sitemap, not reachable from index or dropdowns",,https://supportdocs.extremenetworks.com/support/documentation/virtualization-performance-management-3-0-4/
orphan-page,"in sitemap, not reachable from index or dropdowns",,https://supportdocs.extremenetworks.com/support/documentation/virtualization-performance-management-3-0-5/
orphan-page,"in sitemap, not reachable from index or dropdowns",,https://supportdocs.extremenetworks.com/support/documentation/virtualization-performance-management-3/
orphan-page,"in sitemap, not reachable from index or dropdowns",,https://supportdocs.extremenetworks.com/support/documentation/voss-4-2-2-0/
orphan-page,"in sitemap, not reachable from index or dropdowns",,https://supportdocs.extremenetworks.com/support/documentation/voss-4-2-3-0/
orphan-page,"in sitemap, not reachable from index or dropdowns",,https://supportdocs.extremenetworks.com/support/documentation/voss-4-3-1/
orphan-page,"in sitemap, not reachable from index or dropdowns",,https://supportdocs.extremenetworks.com/support/documentation/voss-5-0-1-0/
orphan-page,"in sitemap, not reachable from index or dropdowns",,https://supportdocs.extremenetworks.com/support/documentation/voss-5-1-1-1/
orphan-page,"in sitemap, not reachable from index or dropdowns",,https://supportdocs.extremenetworks.com/support/documentation/voss-5-1-1-2/
orphan-page,"in sitemap, not reachable from index or dropdowns",,https://supportdocs.extremenetworks.com/support/documentation/voss-5-1-1-5/
orphan-page,"in sitemap, not reachable from index or dropdowns",,https://supportdocs.extremenetworks.com/support/documentation/voss-5-1-1-6/
orphan-page,"in sitemap, not reachable from index or dropdowns",,https://supportdocs.extremenetworks.com/support/documentation/voss-6-0-1-1-2/
orphan-page,"in sitemap, not reachable from index or dropdowns",,https://supportdocs.extremenetworks.com/support/documentation/voss-private-label-white-box-edition-5-2-0/
orphan-page,"in sitemap, not reachable from index or dropdowns",,https://supportdocs.extremenetworks.com/support/documentation/voss-private-label-white-box-edition-5-3-0/
orphan-page,"in sitemap, not reachable from index or dropdowns",,https://supportdocs.extremenetworks.com/support/documentation/voss-private-label-white-box-edition-6-0-1/
orphan-page,"in sitemap, not reachable from index or dropdowns",,https://supportdocs.extremenetworks.com/support/documentation/voss-private-label-white-box-edition-6-1-2/
orphan-page,"in sitemap, not reachable from index or dropdowns",,https://supportdocs.extremenetworks.com/support/documentation/vosspl-6-1-0/
orphan-page,"in sitemap, not reachable from index or dropdowns",,https://supportdocs.extremenetworks.com/support/documentation/vsp-4000-series-document-collections/
orphan-page,"in sitemap, not reachable from index or dropdowns",,https://supportdocs.extremenetworks.com/support/documentation/vsp-7200-series-document-collections/
orphan-page,"in sitemap, not reachable from index or dropdowns",,https://supportdocs.extremenetworks.com/support/documentation/vsp-8000-series-document-collections/
orphan-page,"in sitemap, not reachable from index or dropdowns",,https://supportdocs.extremenetworks.com/support/documentation/vsp-operating-system-software-voss-6-0-1/
orphan-page,"in sitemap, not reachable from index or dropdowns",,https://supportdocs.extremenetworks.com/support/documentation/vsp-operating-system-software-voss-8-1-60/
orphan-page,"in sitemap, not reachable from index or dropdowns",,https://supportdocs.extremenetworks.com/support/documentation/vsp-operating-system-software-voss-hardware-documents/
orphan-page,"in sitemap, not reachable from index or dropdowns",,https://supportdocs.extremenetworks.com/support/documentation/vx9000-amazon-ec2-cloud/
orphan-page,"in sitemap, not reachable from index or dropdowns",,https://supportdocs.extremenetworks.com/support/documentation/vx9000e/
orphan-page,"in sitemap, not reachable from index or dropdowns",,https://supportdocs.extremenetworks.com/support/documentation/wing-5-x/
orphan-page,"in sitemap, not reachable from index or dropdowns",,https://supportdocs.extremenetworks.com/support/documentation/wing-virtual-controller/
orphan-page,"in sitemap, not reachable from index or dropdowns",,https://supportdocs.extremenetworks.com/support/documentation/wlan-8100-1-0/
orphan-page,"in sitemap, not reachable from index or dropdowns",,https://supportdocs.extremenetworks.com/support/documentation/wlan-8100-2-0/
orphan-page,"in sitemap, not reachable from index or dropdowns",,https://supportdocs.extremenetworks.com/support/documentation/wlan-8100-3-0/
orphan-page,"in sitemap, not reachable from index or dropdowns",,https://supportdocs.extremenetworks.com/support/documentation/workspace-1-0/
