col 1,col 2,col 3,col 4,links
System,Login and Logout,,,
,Settings,User Preferences,Per User Preference,
,,,Remote Servers,
,,,Image Servers,
,Dashboard,Site tree Display,,
,,Create or Edit Dashboard,,
,Slide-in Device Info,Details,,
,,Adoption,,
Cluster,,,,
Site,Basic Info,,,
,Site Policies,,,
Devices,Device Info,Basic,,
,,General,,
,,Adoption,,
,,Interface,,
,,Power Configuration,,
,,Network,,
,,Policies,,
,,Advanced,,
Wireless,Basic Info,,,
,Wireless Security,,,
Profiles,Profile Name,General,,
,,Adoption,,
,,Interface,,
,,Power Configuration,,
,,Network,,
,,Policies,,
,,Advanced,,
Client,Client Info,,,
Diagnostics,System Info,,,
,Tech Support,,,
,Logs,,,
Remote CLI,,,,
Policies,Management,,,
,AAA,,,
,NSight,,,
,RADIUS Group,,,
,RADIUS User Pool,,,
,RADIUS Server,,,
,Auot-Provisioning,,,
,Firewall,,,
,SmartRF,,,
,Sensor,,,
,Event System,,,
,Device Categorization,,,
,WIPS,,,
,L2TPv3,,,
,DHCPv4,,,
,Passpoint,,,
Firmware,Update,,,
,Images,,,
Statistics,SmartRF,,,
,Wireless,,,
,Devices,,,
,Clients,,,
,Sites,,,
License,Device Licenses,,,
,Cluster Licenses,,,
