product,label,page,url,first_seen,last_seen
4000 Series,View Data Sheet,https://www.extremenetworks.com/products/switches/universal-switches/4000-series,https://extr-p-001.sitecorecontenthub.cloud/api/public/content/4000-Series-Data-Sheet%27?v=bb9ebc88,2026-09-29,2026-09-29
5120,View Data Sheet,https://www.extremenetworks.com/products/switches/universal-switches/5120,https://extr-p-001.sitecorecontenthub.cloud/api/public/content/5120-Series-Data-Sheet?v=7c36fdbb,2026-09-29,2026-09-29
5420,View Data Sheet,https://www.extremenetworks.com/products/switches/universal-switches/5420,https://extr-p-001.sitecorecontenthub.cloud/api/public/content/5420-Series-Data-Sheet?v=37dfa8d8,2026-09-29,2026-09-29
5520,View Data Sheet,https://www.extremenetworks.com/products/switches/universal-switches/5520,https://extr-p-001.sitecorecontenthub.cloud/api/public/content/5520-Series-Data-Sheet?v=b01cf46b,2026-09-29,2026-09-29
5720,View Data Sheet,https://www.extremenetworks.com/products/switches/universal-switches/5720,https://extr-p-001.sitecorecontenthub.cloud/api/public/content/5720-Series-Data-Sheet?v=25a4737c,2026-09-29,2026-09-29
7520,View Data Sheet,https://www.extremenetworks.com/products/switches/universal-switches/7520,https://extr-p-001.sitecorecontenthub.cloud/api/public/content/7520-Series-Data-Sheet?v=e203d9c0,2026-09-29,2026-09-29
7720,View Data Sheet,https://www.extremenetworks.com/products/switches/universal-switches/7720,https://extr-p-001.sitecorecontenthub.cloud/api/public/content/7720-Series-Data-Sheet?v=151cc70c,2026-09-29,2026-09-29
7830,View Data Sheet,https://www.extremenetworks.com/products/switches/universal-switches/7830,https://extr-p-001.sitecorecontenthub.cloud/api/public/content/7830-series-data-sheet?v=7ba08e6a,2026-09-29,2026-09-29
8520,View Data Sheet,https://www.extremenetworks.com/products/switches/trusted-delivery-switches/8520,https://extr-p-001.sitecorecontenthub.cloud/api/public/content/6e83c6f3a66f4be69b1bfbcaecc9c1ee?v=b66a8662,2026-09-29,2026-09-29
8720,View Data Sheet,https://www.extremenetworks.com/products/switches/trusted-delivery-switches/8720,https://extr-p-001.sitecorecontenthub.cloud/api/public/content/d7a91bec2c1d41ae8bcc79b041a0486d?v=ccfa3029,2026-09-29,2026-09-29
8730,View Data Sheet,https://www.extremenetworks.com/products/switches/trusted-delivery-switches/8730,https://extr-p-001.sitecorecontenthub.cloud/api/public/content/f5accbdeb18342dd8c714999c2fa613e?v=f04b9104,2026-09-29,2026-09-29
8820,View Data Sheet,https://www.extremenetworks.com/products/routers/trusted-delivery-switches-and-routers/8820,https://extr-p-001.sitecorecontenthub.cloud/api/public/content/495050545e604f26b8671f7d2a168127?v=c3ab3d91,2026-09-29,2026-09-29
AP3000,View Data Sheet,https://www.extremenetworks.com/products/wi-fi-access-points/universal-aps-indoor/ap3000,https://extr-p-001.sitecorecontenthub.cloud/api/public/content/683d99cb0cda4cb0b1c7f35275426fb6?v=d986f7fb,2026-09-29,2026-09-29
AP3020W,View Data Sheet,https://www.extremenetworks.com/products/wi-fi-access-points/universal-aps-indoor/ap3020w,https://extr-p-001.sitecorecontenthub.cloud/api/public/content/2697cb28f05f431785553ccfbc2e55a3?v=574afaf7,2026-09-29,2026-09-29
AP302W,View Data Sheet,https://www.extremenetworks.com/products/wi-fi-access-points/universal-aps-indoor/ap302w,https://extr-p-001.sitecorecontenthub.cloud/api/public/content/cf7c325d08ed4ac0aeb1a5ce202ce249?v=be2994a7,2026-09-29,2026-09-29
AP305C and AP305CX,View Data Sheet,https://www.extremenetworks.com/products/wi-fi-access-points/universal-aps-indoor/ap305c-and-ap305cx,https://extr-p-001.sitecorecontenthub.cloud/api/public/content/4673ef4f4e5142c2831c55f19feef077?v=7295689d,2026-09-29,2026-09-29
AP310i and AP310e,View Data Sheet,https://www.extremenetworks.com/products/wi-fi-access-points/nonuniversal-aps-indoor/ap310i-and-ap310e,https://extr-p-001.sitecorecontenthub.cloud/api/public/content/fec04e4f4a9f439c805ae7e8b4e34a4f?v=6f5752c5,2026-09-29,2026-09-29
AP360i and AP360e,View Data Sheet,https://www.extremenetworks.com/products/wi-fi-access-points/nonuniversal-aps-outdoor/ap360i-and-ap360e,https://extr-p-001.sitecorecontenthub.cloud/api/public/content/6d28f7527fd0462db66e24ad571c6f25?v=3a022810,2026-09-29,2026-09-29
AP4000,View Data Sheet,https://www.extremenetworks.com/products/wi-fi-access-points/universal-aps-indoor/ap4000,https://extr-p-001.sitecorecontenthub.cloud/api/public/content/eed08dd25a624526b6e54ec7dce071de?v=dea43a99,2026-09-29,2026-09-29
AP4020,View Data Sheet,https://www.extremenetworks.com/products/wi-fi-access-points/universal-aps-indoor/ap4020,https://extr-p-001.sitecorecontenthub.cloud/api/public/content/6c4cd97dc1db45478295b8f74d2c6c82?v=3b7b171f,2026-09-29,2026-09-29
AP4060,View Data Sheet,https://www.extremenetworks.com/products/wi-fi-access-points/universal-aps-outdoor/ap4060,https://extr-p-001.sitecorecontenthub.cloud/api/public/content/AP4060-Series-Data-Sheet?v=f6f4fd50,2026-09-29,2026-09-29
AP410C,View Data Sheet,https://www.extremenetworks.com/products/wi-fi-access-points/universal-aps-indoor/ap410c,https://extr-p-001.sitecorecontenthub.cloud/api/public/content/7460a7c327ea455d8cc806fcbc9d07b7?v=43d958cf,2026-09-29,2026-09-29
AP410i and AP410e,View Data Sheet,https://www.extremenetworks.com/products/wi-fi-access-points/nonuniversal-aps-indoor/ap410i-and-ap410e,https://extr-p-001.sitecorecontenthub.cloud/api/public/content/8575c683463142ea8e0b9685b38e9a28?v=531b8602,2026-09-29,2026-09-29
AP460C,View Data Sheet,https://www.extremenetworks.com/products/wi-fi-access-points/universal-aps-outdoor/ap460c,https://extr-p-001.sitecorecontenthub.cloud/api/public/content/515beaa815014f54ad9f0fd1727aaadf?v=99384cbc,2026-09-29,2026-09-29
AP460i and AP460e,View Data Sheet,https://www.extremenetworks.com/products/wi-fi-access-points/nonuniversal-aps-outdoor/ap460i-and-ap460e,https://extr-p-001.sitecorecontenthub.cloud/api/public/content/cab28784d77d4f26b9773eda6447f6d6?v=6155180f,2026-09-29,2026-09-29
AP5010,View Data Sheet,https://www.extremenetworks.com/products/wi-fi-access-points/universal-aps-indoor/ap5010,https://extr-p-001.sitecorecontenthub.cloud/api/public/content/8bf44e62c25d42618aa22536bba23f99?v=a06771e3,2026-09-29,2026-09-29
AP5020,View Data Sheet,https://www.extremenetworks.com/products/wi-fi-access-points/universal-aps-indoor/ap5020,https://extr-p-001.sitecorecontenthub.cloud/api/public/content/b441c2ee9d24460f8412f12c1dc04426?v=1e570430,2026-09-29,2026-09-29
AP5022,View Data Sheet,https://www.extremenetworks.com/products/wi-fi-access-points/universal-aps-indoor/ap5022,https://extr-p-001.sitecorecontenthub.cloud/api/public/content/AP5022-Series-Access-Points?v=8648155d,2026-09-29,2026-09-29
AP5050U,View Data Sheet,https://www.extremenetworks.com/products/wi-fi-access-points/universal-aps-outdoor/ap5050u,https://extr-p-001.sitecorecontenthub.cloud/api/public/content/7a8cb89e2bc24bc88df63840a50fca74?v=6055d624,2026-09-29,2026-09-29
AP5060,View Data Sheet,https://www.extremenetworks.com/products/wi-fi-access-points/universal-aps-outdoor/ap5060,https://extr-p-001.sitecorecontenthub.cloud/api/public/content/AP5060-SERIES-DATA-SHEET?v=d8bf004a,2026-09-29,2026-09-29
ERS 3600,View Data Sheet,https://www.extremenetworks.com/products/switches/ethernet-routing-switches-ers/ers-3600,https://extr-p-001.sitecorecontenthub.cloud/api/public/content/ERS-3600-Data-Sheet?v=39376ae4,2026-09-29,2026-09-29
Extreme 5320 Series – Enterprise Switches,View Data Sheet,https://www.extremenetworks.com/products/switches/universal-switches/5320,https://extr-p-001.sitecorecontenthub.cloud/api/public/content/5320-Series-Data-Sheet?v=f1232b29,2026-09-29,2026-09-29
Extreme 9920 Cloud-Native Network Visibility Platform,View Data Sheet,https://www.extremenetworks.com/products/network-packet-broker/9920-hardware-platform/extreme-9920-cloud-native-network-visibility-platform,https://extr-p-001.sitecorecontenthub.cloud/api/public/content/6855df562f004ac6a2d842c988bacc6d?v=cc2be62a,2026-09-29,2026-09-29
Extreme AirDefense,View Data Sheet,https://www.extremenetworks.com/products/network-access-control/extreme-airdefense/extreme-airdefense,https://extr-p-001.sitecorecontenthub.cloud/api/public/content/8b417f80945b4a479e390c92eb0cbc45?v=f13d1662,2026-09-29,2026-09-29
Extreme Platform ONE: Secure Connectivity Made Simple,View Data Sheet,https://www.extremenetworks.com/platform-one/extreme-platform-one-secure-connectivity-made-simple,https://extr-p-001.sitecorecontenthub.cloud/api/public/content/66149b33aa4e41ac9cac69f5ca07c62a?v=8ff41252,2026-09-29,2026-09-29
Extreme Tunnel Concentrator,View Data Sheet,https://www.extremenetworks.com/products/tunnel-concentrator/extreme-tunnel-concentrator/extreme-tunnel-concentrator,https://extr-p-001.sitecorecontenthub.cloud/api/public/content/8641eadd2f714171b5c1c60cbde4b369?v=b7b474e7,2026-09-29,2026-09-29
ExtremeAccess Platform 1400 (XA 1400),View Data Sheet,https://www.extremenetworks.com/products/branch-gateway/vsp-and-voss-switches/xa-1400,https://extr-p-001.sitecorecontenthub.cloud/api/public/content/bffb36968af34decb87cadd98b9c4a58?v=632cf94c,2026-09-29,2026-09-29
ExtremeAnalytics,View Data Sheet,https://www.extremenetworks.com/products/network-analytics/extremeanalytics/extremeanalytics,https://extr-p-001.sitecorecontenthub.cloud/api/public/content/f2d087ef12bc43dbb5349fea967f48df?v=9b5b754d,2026-09-29,2026-09-29
ExtremeCloud Business Insights for Venues,View Data Sheet,https://www.extremenetworks.com/products/network-analytics/extremeanalytics/extremecloud-business-insights-for-venues,https://extr-p-001.sitecorecontenthub.cloud/api/public/content/72f9673b31664bd3a1d1e57b01b52174?v=5351fb8a,2026-09-29,2026-09-29
ExtremeCloud IQ,Download Datasheet,https://www.extremenetworks.com/products/cloud-based-management/extremecloud-iq/extremecloud-iq,https://extr-p-001.sitecorecontenthub.cloud/api/public/content/b7a2056fd7d54828a4dee3ce77521510?v=9d91e52f,2026-09-29,2026-09-29
ExtremeCloud IQ,View Data Sheet,https://www.extremenetworks.com/products/cloud-based-management/extremecloud-iq/extremecloud-iq,https://extr-p-001.sitecorecontenthub.cloud/api/public/content/456984eaad814f2caba9a9a7a62b27d1?v=14a8c7c7,2026-09-29,2026-09-29
ExtremeCloud IQ - Site Engine,View Data Sheet,https://www.extremenetworks.com/products/network-management/extremecloud-iq-site-engine/extremecloud-iq---site-engine,https://extr-p-001.sitecorecontenthub.cloud/api/public/content/8f4806fb9fa14455a4c023983cad9ad0?v=e6f1d822,2026-09-29,2026-09-29
ExtremeCloud IQ Controller,View Data Sheet,https://www.extremenetworks.com/products/wi-fi-management/extremecloud-iq-controller/extremecloud-iq-controller,https://extr-p-001.sitecorecontenthub.cloud/api/public/content/6641220e4ac44166b6941d2066784304?v=3f71aa0b,2026-09-29,2026-09-29
ExtremeCloud Orchestrator,View Data Sheet,https://www.extremenetworks.com/products/cloud-based-management/extremecloud-iq/extremecloud-orchestrator,https://extr-p-001.sitecorecontenthub.cloud/api/public/content/a07aa8b231014a5d9132d17e8b6f4f4d?v=b13ccaa5,2026-09-29,2026-09-29
ExtremeCloud Orchestrator,View Data Sheet,https://www.extremenetworks.com/products/network-fabric/extreme-ip-fabric,https://extr-p-001.sitecorecontenthub.cloud/api/public/content/a07aa8b231014a5d9132d17e8b6f4f4d?v=b13ccaa5,2026-09-29,2026-09-29
ExtremeCloud SD-WAN,View Data Sheet,https://www.extremenetworks.com/products/sd-wan/extreme-sd-wan/extremecloud-sd-wan,https://extr-p-001.sitecorecontenthub.cloud/api/public/content/extremecloud-sd-wan?v=37a9094b,2026-09-29,2026-09-29
ExtremeControl,View Data Sheet,https://www.extremenetworks.com/products/network-access-control/extremecontrol/extremecontrol,https://extr-p-001.sitecorecontenthub.cloud/api/public/content/70b9619a80234c2f8b5b9390a716b42b?v=bbfc2975,2026-09-29,2026-09-29
Half-Full Duplex Converter,View Data Sheet,https://www.extremenetworks.com/products/adapters-and-converters/switch-adapters-and-converters/half-full-duplex-converter,https://extr-p-001.sitecorecontenthub.cloud/api/public/content/5c313a4e054348b680330f37faa41b22?v=898ac98a,2026-09-29,2026-09-29
Industrial Switches (ISW),View Data Sheet,https://www.extremenetworks.com/products/switches/industrial-switches/isw-series,https://extr-p-001.sitecorecontenthub.cloud/api/public/content/50f8506b287e4bbb831a12fecffe50b1?v=bc464162,2026-09-29,2026-09-29
LRM and MACsec Adapter,View Data Sheet,https://www.extremenetworks.com/products/adapters-and-converters/switch-adapters-and-converters/lrm-and-macsec-adapter,https://extr-p-001.sitecorecontenthub.cloud/api/public/content/a51ec208ab244019a6f7431090f746d9?v=8d113269,2026-09-29,2026-09-29
Optics,View Data Sheet,https://www.extremenetworks.com/products/switches/universal-switches/optics,https://extr-p-001.sitecorecontenthub.cloud/api/public/content/Extreme-Optics-Data-Sheet?v=0ee1a44c,2026-09-29,2026-09-29
SLX 9240,View Data Sheet,https://www.extremenetworks.com/products/switches/slx-switches/slx-9240,https://extr-p-001.sitecorecontenthub.cloud/api/public/content/17a19ed264e64affb16f6f3803c39dc1?v=e58607bc,2026-09-29,2026-09-29
SLX 9540,View Data Sheet,https://www.extremenetworks.com/products/routers/switches-and-routers/slx-9540,https://extr-p-001.sitecorecontenthub.cloud/api/public/content/425445872fff40998ff1a10ee93393f1?v=2016f150,2026-09-29,2026-09-29
SLX 9640,View Data Sheet,https://www.extremenetworks.com/products/routers/switches-and-routers/slx-9640,https://extr-p-001.sitecorecontenthub.cloud/api/public/content/1bb729239926446cb792c344465a4e42?v=d8876f5b,2026-09-29,2026-09-29
SLX 9740,View Data Sheet,https://www.extremenetworks.com/products/routers/switches-and-routers/slx-9740,https://extr-p-001.sitecorecontenthub.cloud/api/public/content/6ae8d3f289b04db18088bc1f25230b63?v=0ae20bee,2026-09-29,2026-09-29
Thermal Sensing for Universal Switches,View Data Sheet,https://www.extremenetworks.com/products/switches/universal-switches/thermal-sensing-for-universal-switches,https://extr-p-001.sitecorecontenthub.cloud/api/public/content/1d4ae1984fa04d0f9e99341e8857373e?v=21dba2d7,2026-09-29,2026-09-29
Universal Compute Platform,View Data Sheet,https://www.extremenetworks.com/products/universal-compute-platform/universal-appliances/universal-compute-platform,https://extr-p-001.sitecorecontenthub.cloud/api/public/content/0cfd6c9456c6474595a9059ecefff618?v=525acdf9,2026-09-29,2026-09-29
V300,View Data Sheet,https://www.extremenetworks.com/products/switches/extremexos-switches/v300,https://extr-p-001.sitecorecontenthub.cloud/api/public/content/85fc259c1be742d6852f8741609d04c5?v=66e85d14,2026-09-29,2026-09-29
V400,View Data Sheet,https://www.extremenetworks.com/products/switches/extremexos-switches/v400,https://extr-p-001.sitecorecontenthub.cloud/api/public/content/664b2bf68fcc437bab209e651e72c8ff?v=ccab9da0,2026-09-29,2026-09-29
VPN Gateway Virtual Appliance,View Data Sheet,https://www.extremenetworks.com/products/vpn-gateway/vpn-virtual-appliance/vpn-gateway-virtual-appliance,https://extr-p-001.sitecorecontenthub.cloud/api/public/content/8cbf56bb27b24d1c9df6fbd7d1a798a5?v=00152258,2026-09-29,2026-09-29
VSP 4900,View Data Sheet,https://www.extremenetworks.com/products/switches/vsp-and-voss-switches/vsp-4900,https://extr-p-001.sitecorecontenthub.cloud/api/public/content/VSP-4900-Series-Data-Sheet?v=edf8da94,2026-09-29,2026-09-29
VSP 7400,View Data Sheet,https://www.extremenetworks.com/products/switches/vsp-and-voss-switches/vsp-7400,https://extr-p-001.sitecorecontenthub.cloud/api/public/content/VSP-7400-Series-Data-Sheet?v=000cf960,2026-09-29,2026-09-29
WiNG NX 7500,View Data Sheet,https://www.extremenetworks.com/products/wlan-controllers/wing-controllers/wing-nx-7500,https://extr-p-001.sitecorecontenthub.cloud/api/public/content/68028c6fe7694ff6997ceff363814707?v=a6791285,2026-09-29,2026-09-29
WiNG VX 9000,View Data Sheet,https://www.extremenetworks.com/products/wlan-controllers/wing-controllers/wing-vx-9000,https://extr-p-001.sitecorecontenthub.cloud/api/public/content/d02cf1787ca3482ca05da68e5fbc55ae?v=4c717cfa,2026-09-29,2026-09-29
X435,View Data Sheet,https://www.extremenetworks.com/products/switches/extremexos-switches/x435,https://extr-p-001.sitecorecontenthub.cloud/api/public/content/X435-Data-Sheet?v=83ff8e12,2026-09-29,2026-09-29
X440-G2,View Data Sheet,https://www.extremenetworks.com/products/switches/extremexos-switches/x440-g2,https://extr-p-001.sitecorecontenthub.cloud/api/public/content/5234d7ebd39e4317ac1f2b8a40e314e8?v=6b12ed92,2026-09-29,2026-09-29
X450-G2,View Data Sheet,https://www.extremenetworks.com/products/switches/extremexos-switches/x450-g2,https://extr-p-001.sitecorecontenthub.cloud/api/public/content/351a48492366472080c77510225a7ca2?v=914f81ab,2026-09-29,2026-09-29
X460-G2,View Data Sheet,https://www.extremenetworks.com/products/switches/extremexos-switches/x460-g2,https://extr-p-001.sitecorecontenthub.cloud/api/public/content/0d57eced308e4a24986044df40bb15e0?v=423b0e15,2026-09-29,2026-09-29
X465,View Data Sheet,https://www.extremenetworks.com/products/switches/extremexos-switches/x465,https://extr-p-001.sitecorecontenthub.cloud/api/public/content/8852229434f94501b387bfe314f721ac?v=dc646cad,2026-09-29,2026-09-29
X590,View Data Sheet,https://www.extremenetworks.com/products/switches/extremexos-switches/x590,https://extr-p-001.sitecorecontenthub.cloud/api/public/content/f47bdf3388cd4ddeaeb4ccbeff57d832?v=2cc27642,2026-09-29,2026-09-29
X620,View Data Sheet,https://www.extremenetworks.com/products/switches/extremexos-switches/x620,https://extr-p-001.sitecorecontenthub.cloud/api/public/content/32fb1af4cfb548faa18b3a0414a232b9?v=bf80b6f1,2026-09-29,2026-09-29
X670-G2,View Data Sheet,https://www.extremenetworks.com/products/switches/extremexos-switches/x670-g2,https://extr-p-001.sitecorecontenthub.cloud/api/public/content/d8cb2ad83ce1438198edbcbd66e880d4?v=a8c34548,2026-09-29,2026-09-29
X690,View Data Sheet,https://www.extremenetworks.com/products/switches/extremexos-switches/x690,https://extr-p-001.sitecorecontenthub.cloud/api/public/content/031da93f8f1e4f3792f96441bed6eef9?v=9bdf5fc0,2026-09-29,2026-09-29
X695,View Data Sheet,https://www.extremenetworks.com/products/switches/extremexos-switches/x695,https://extr-p-001.sitecorecontenthub.cloud/api/public/content/X695-Series-Data-Sheet?v=f4cba0ac,2026-09-29,2026-09-29
X870,View Data Sheet,https://www.extremenetworks.com/products/switches/extremexos-switches/x870,https://extr-p-001.sitecorecontenthub.cloud/api/public/content/da7c262c30284c16a4a988f74e86dc42?v=3e54b486,2026-09-29,2026-09-29
