Platform,Maintenance Release,Latest Feature Release,Recommendation Effective Date,links
_ExtremeCloud Orchestrator,XCO 3.8.5,XCO 3.8.5,17-Mar-26,https://documentation.extremenetworks.com/ExtremeCloud_Orchestrator_3_8_5_Release_Notes.pdf https://documentation.extremenetworks.com/ExtremeCloud_Orchestrator_3_8_5_Release_Notes.pdf
_SLX-OS on 8520,SLX-OS 20.7.3b,SLX-OS 20.7.3b,17-Mar-26,https://documentation.extremenetworks.com/release_notes/slxos/20xx/20.7.3b/SLX-OS_20.7.3b-releasenotes.pdf https://documentation.extremenetworks.com/release_notes/slxos/20xx/20.7.3b/SLX-OS_20.7.3b-releasenotes.pdf
_SLX-OS on 8720,SLX-OS 20.7.3b,SLX-OS 20.7.3b,17-Mar-26,https://documentation.extremenetworks.com/release_notes/slxos/20xx/20.7.3b/SLX-OS_20.7.3b-releasenotes.pdf https://documentation.extremenetworks.com/release_notes/slxos/20xx/20.7.3b/SLX-OS_20.7.3b-releasenotes.pdf
_SLX-OS on 8820,SLX-OS 20.7.3b,SLX-OS 20.7.3b,17-Mar-26,https://documentation.extremenetworks.com/release_notes/slxos/20xx/20.7.3b/SLX-OS_20.7.3b-releasenotes.pdf https://documentation.extremenetworks.com/release_notes/slxos/20xx/20.7.3b/SLX-OS_20.7.3b-releasenotes.pdf
_SLX-OS on SLX 9140,SLX-OS 18s.1.03k,SLX-OS 18s.1.03k,14-Jan-25,https://documentation.extremenetworks.com/release_notes/slxos/18sx/18s.1.03h/SLX-OS_18s.1.03h-releasenotes.pdf https://documentation.extremenetworks.com/release_notes/slxos/18sx/18s.1.03h/SLX-OS_18s.1.03h-releasenotes.pdf
_SLX-OS on SLX 9150,SLX-OS 20.7.3b,SLX-OS 20.7.3b,17-Mar-26,https://documentation.extremenetworks.com/release_notes/slxos/20xx/20.7.3b/SLX-OS_20.7.3b-releasenotes.pdf https://documentation.extremenetworks.com/release_notes/slxos/20xx/20.7.3b/SLX-OS_20.7.3b-releasenotes.pdf
_SLX-OS on SLX 9240,SLX-OS 18s.1.03k,SLX-OS 18s.1.03k,14-Jan-25,https://documentation.extremenetworks.com/release_notes/slxos/18sx/18s.1.03h/SLX-OS_18s.1.03h-releasenotes.pdf https://documentation.extremenetworks.com/release_notes/slxos/18sx/18s.1.03h/SLX-OS_18s.1.03h-releasenotes.pdf
_SLX-OS on SLX 9250,SLX-OS 20.7.3b,SLX-OS 20.7.3b,17-Mar-26,https://documentation.extremenetworks.com/release_notes/slxos/20xx/20.7.3b/SLX-OS_20.7.3b-releasenotes.pdf https://documentation.extremenetworks.com/release_notes/slxos/20xx/20.7.3b/SLX-OS_20.7.3b-releasenotes.pdf
_SLX-OS on SLX 9540,SLX-OS 20.7.3b,SLX-OS 20.7.3b,17-Mar-26,https://documentation.extremenetworks.com/release_notes/slxos/20xx/20.7.3b/SLX-OS_20.7.3b-releasenotes.pdf https://documentation.extremenetworks.com/release_notes/slxos/20xx/20.7.3b/SLX-OS_20.7.3b-releasenotes.pdf
_SLX-OS on SLX 9640,SLX-OS 20.7.3b,SLX-OS 20.7.3b,17-Mar-26,https://documentation.extremenetworks.com/release_notes/slxos/20xx/20.7.3b/SLX-OS_20.7.3b-releasenotes.pdf https://documentation.extremenetworks.com/release_notes/slxos/20xx/20.7.3b/SLX-OS_20.7.3b-releasenotes.pdf
_SLX-OS on SLX 9740,SLX-OS 20.7.3b,SLX-OS 20.7.3b,17-Mar-26,https://documentation.extremenetworks.com/release_notes/slxos/20xx/20.7.3b/SLX-OS_20.7.3b-releasenotes.pdf https://documentation.extremenetworks.com/release_notes/slxos/20xx/20.7.3b/SLX-OS_20.7.3b-releasenotes.pdf
_VDX 6740,NOS 7.4.1m,NOS 7.4.1m,19-Sep-25,https://documentation.extremenetworks.com/release_notes/networkos/74x/7.4.1m/nos-741m-releasenotes.pdf https://documentation.extremenetworks.com/release_notes/networkos/74x/7.4.1m/nos-741m-releasenotes.pdf
_VDX 6940,NOS 7.4.1m,NOS 7.4.1m,19-Sep-25,https://documentation.extremenetworks.com/release_notes/networkos/74x/7.4.1m/nos-741m-releasenotes.pdf https://documentation.extremenetworks.com/release_notes/networkos/74x/7.4.1m/nos-741m-releasenotes.pdf
_VDX 8770,NOS 7.4.1m,NOS 7.4.1m,19-Sep-25,https://documentation.extremenetworks.com/release_notes/networkos/74x/7.4.1m/nos-741m-releasenotes.pdf https://documentation.extremenetworks.com/release_notes/networkos/74x/7.4.1m/nos-741m-releasenotes.pdf
MLX-E,NI 6.3.00k,NI 6.3.00k,14-Jan-25,https://documentation.extremenetworks.com/release_notes/netiron/63x/6.3.00k/netironunified_6300k_releasenotes.pdf https://documentation.extremenetworks.com/release_notes/netiron/63x/6.3.00k/netironunified_6300k_releasenotes.pdf
CER-RT,NI 6.3.00k,NI 6.3.00k,14-Jan-25,https://documentation.extremenetworks.com/release_notes/netiron/63x/6.3.00k/netironunified_6300k_releasenotes.pdf https://documentation.extremenetworks.com/release_notes/netiron/63x/6.3.00k/netironunified_6300k_releasenotes.pdf
