K-Series Component,Minimum EOS Software Version,Last/Recommended EOS Software Version,Comments,links
K-Series Fabrics,,,,
KK2008-0204-F2,07.31.02.0008,08.62.04.0001,,
KK2008-0204-F1,07.31.02.0008,08.62.04.0001,,
K-Series I/O Modules,,,,
KT2006-0224,07.31.02.0008,08.62.04.0001,,
KG2001-0224,07.31.02.0008,08.62.04.0001,,
KK2008-0204,07.31.02.0008,08.62.04.0001,,
KT2010-0224,07.42.02.0002,08.62.04.0001,,
Multislot Chassis,,,,
K6-Chassis,07.31.02.0008,08.62.04.0001,,
K10-Chassis,07.31.02.0008,08.62.04.0001,,
K-AC-PS-1400W,07.31.02.0008,08.62.04.0001,,
K-AC-PS,07.31.02.0008,08.62.04.0001,07.42.02.0002 displays model number properly,
